temperature,internal energy,partition function,free energy,chemical entropy,q variance 1,q variance 2,q avg 1,q avg 2,q square avg 1,q square avg 2,state 1 pop,state 2 pop
10000.0,1.3217880628605572,37.053864084948465,-3.112901889900171,0.00044346899527607274,7.36321729090262,2.9013972818846643,-1.3181073952247526,0.0,9.100624396248802,2.9013972818846643,0.6848286387266008,0.3151713612733992
9678.355969932576,1.2589341432324381,35.25554787432257,-2.971285173223241,0.0004370803605072556,7.196033735553137,2.810424043065285,-1.3388797910004093,0.0,8.988632830302437,2.810424043065285,0.6903682688903854,0.3096317311096146
8877.529763693561,1.103291328043057,31.03527680364544,-2.6278919841020123,0.00042029521854204216,6.767523433154329,2.5878962257867633,-1.3959477202365014,0.0,8.716193470787815,2.5878962257867633,0.7056001465068263,0.29439985349317366
8027.831475239743,0.9391052890824609,26.956490962068994,-2.278894806013872,0.00040085546202877037,6.288155639483601,2.357200636228946,-1.4661348373425058,0.0,8.437707000752937,2.357200636228946,0.7243808904113919,0.27561910958860814
7096.451407657312,0.7596735885058833,22.960648471403836,-1.9163855087215405,0.00037709820634294276,5.722475565767866,2.109429914474525,-1.5569300027294977,0.0,8.14650659916714,2.109429914474525,0.7487711806931316,0.25122881930686836
6127.60526681678,0.5729426791306417,19.349772953478368,-1.564402552449255,0.0003488059590186727,5.072047857108172,1.8556457127667156,-1.6703912152324663,0.0,7.862254669033968,1.8556457127667156,0.779397543862912,0.22060245613708795
5125.861920392299,0.3791922466756892,16.258262333436345,-1.2317603115507858,0.00031427935111119485,4.307589513858761,1.5952218003611602,-1.8127910360175614,0.0,7.593800854124384,1.5952218003611602,0.818034762952853,0.18196523704714698
4056.7500335353984,0.17167782342565763,13.861915583053218,-0.9191062255413218,0.00026888125715164595,3.3560885765426884,1.316370688822833,-1.997093866780174,0.0,7.344472489273676,1.316370688822833,0.8683151061457499,0.13168489385425008
3270.990908936892,0.01987792542435488,13.029367019293518,-0.7236239178466762,0.0002273017149756241,2.5606644320726293,1.1091064734167704,-2.1515923527392724,0.0,7.190014084438747,1.1091064734167704,0.9106755307380997,0.08932446926190023
2560.2130329333722,-0.11391776824072074,13.728132750461292,-0.5779079166622144,0.00018123107040427628,1.8050387196329813,0.9208243071640856,-2.2938886768021307,0.0,7.066963981194012,0.9208243071640856,0.9498541856569543,0.05014581434304568
2115.6136920295876,-0.19326001510676466,15.93597896299255,-0.5047382737113482,0.00014722832423426545,1.3568366895125914,0.8052691139708121,-2.373422656719099,0.0,6.989971796940137,0.8052691139708121,0.9717963903028881,0.028203609697111855
1824.0159009346069,-0.24186509324852218,19.31101599062158,-0.4653635346396358,0.0001225309720581906,1.0966066337989,0.732611097206996,-2.4162023693644206,0.0,6.93464052352114,0.732611097206996,0.9835699396737292,0.016430060326270843
1591.1361813226774,-0.2777638629578949,24.62112284892146,-0.4392574803167251,0.00010149578600153762,0.9186854134365285,0.6779603927764678,-2.4427676627617503,0.0,6.8857992676710325,0.6779603927764678,0.990818406350095,0.009181593649905001
1398.3948425984868,-0.3049078055947737,33.02533300228157,-0.42143682124389537,8.333055307368577e-05,0.7958562527991777,0.6361879117582928,-2.458888410643264,0.0,6.841988468794933,0.6361879117582928,0.9951355036954717,0.004864496304528444
1244.6457288693464,-0.3245154796444562,45.624660200180514,-0.4097632222110775,6.849157201066489e-05,0.7148242382334535,0.605952847013339,-2.46791488731396,0.0,6.8054281292593295,0.605952847013339,0.9974691162666228,0.0025308837333772385
1120.7628975003254,-0.3387642857217817,64.23925292103664,-0.4020247778498907,5.6444134855999425e-05,0.660296955818521,0.5841355430510277,-2.47294184989874,0.0,6.7757383487991225,0.5841355430510277,0.998693338877596,0.001306661122403913
1017.8602880210035,-0.349403773544025,92.11821784102216,-0.39672962384238153,4.649542855274451e-05,0.6218667228663763,0.5680929359031579,-2.475839006864283,0.0,6.751645510777096,0.5680929359031579,0.9993344616715627,0.0006655383284373055
930.9403945684968,-0.35744943707556376,134.22218772250466,-0.3930485692782271,3.82399694012247e-05,0.5938925427733963,0.5562352328462369,-2.4775719999812327,0.0,6.732255557864401,0.5562352328462369,0.99966563908331,0.0003343609166900203
856.7500004530718,-0.3635697974771137,198.1060627915774,-0.3904670185630246,3.139448038714557e-05,0.5730400701805252,0.5474754639339535,-2.4786605120959533,0.0,6.716798004404299,0.5474754639339535,0.9998339145609306,0.00016608543906943457
792.6641384694614,-0.368258534593823,295.7835538076233,-0.3886386309712851,2.5710884835554158e-05,0.5571574244579818,0.5409934525484635,-2.4793883447153515,0.0,6.7045239883683125,0.5409934525484635,0.9999184268292007,8.157317079930684e-05
736.6198948895142,-0.3718752187214293,446.7141756601887,-0.3873314562692223,2.0982650149723754e-05,0.5448443308816913,0.536185216554501,-2.4799074790711613,0.0,6.694785435634773,0.536185216554501,0.9999604500320624,3.9549967937681555e-05
687.0598849176359,-0.37467891718351315,682.7809670147586,-0.38639023083534435,1.7045550044353327e-05,0.5351776738701766,0.5326133088506018,-2.480298965456331,0.0,6.687060631913924,0.5326133088506018,0.9999811118709708,1.8888129029223388e-05
642.7979985444213,-0.3768591819354227,1057.0747783109057,-0.3857092566925254,1.3768049647234714e-05,0.5275263224598987,0.5299583834007966,-2.4806068445471627,0.0,6.6809366396741305,0.5299583834007966,0.9999911366354131,8.863364586893673e-06
602.9182931368335,-0.3785570450610212,1659.605727790927,-0.38521534111601663,1.1043446733642714e-05,0.5214422364747477,0.5279851101122001,-2.4808558931795126,0.0,6.676088199198265,0.5279851101122001,0.9999959244944289,4.075505571126639e-06
566.7216057154692,-0.3798784347512251,2645.346355645577,-0.38485717627240706,8.78516271652715e-06,0.5165984813319424,0.5265193113163928,-2.4810607128107742,0.0,6.67226074198505,0.5265193113163928,0.9999981684677067,1.8315322932539052e-06
533.6945660032368,-0.3809035881419175,4283.854987553397,-0.38459837018208803,6.9230272810162594e-06,0.5127510411112146,0.5254315376416668,-2.481230419808081,0.0,6.6692554372921995,0.5254315376416668,0.9999991968783704,8.03121629562312e-07
503.4860405590375,-0.38169407291477364,7045.017922077504,-0.3844127365291576,5.399680220260563e-06,0.5097132165953759,0.5246249698775606,-2.481371117559547,0.0,6.666915839654092,0.5246249698775606,0.9999996562744127,3.4372558728329446e-07
475.8785172803267,-0.3822981573081022,11741.351139814493,-0.3842810798863051,4.1668671860529566e-06,0.5073372057814716,0.5240265627427817,-2.4814872657978757,0.0,6.6651162560984885,0.5240265627427817,0.9999998559554958,1.440445042499578e-07
450.73695606774334,-0.38275492157809937,19755.707438516838,-0.38418901165289104,3.1816562975061138e-06,0.5055002238998956,0.5235806396059179,-2.481582514593854,0.0,6.663752000637852,0.5235806396059179,0.9999999405290225,5.9470977567794474e-08
427.9373251167655,-0.3830969530231323,33404.97681798349,-0.38412556699157957,2.4036556478606165e-06,0.5040955876819373,0.5232445573877287,-2.4816601969381518,0.0,6.662732920749043,0.5232445573877287,0.9999999756273161,2.4372683790015848e-08
407.3169039129211,-0.383351404732153,56532.15064636127,-0.3840824379497342,1.794752956625273e-06,0.5030301241471369,0.522986101206858,-2.4817234708109823,0.0,6.661981509721246,0.522986101206858,0.9999999900182742,9.981725844196829e-09
388.67277300902236,-0.3835401752966321,95473.25721948284,-0.3840534986401505,1.320708264549507e-06,0.50222535155459,0.5227816988250771,-2.4817752162943107,0.0,6.661433575767263,0.5227816988250771,0.9999999958953999,4.1046001352000184e-09
371.78161111977687,-0.3836802736083184,160647.30701461565,-0.38403436555470116,9.52419204694535e-07,0.5016180178613316,0.5226146385300584,-2.4818179159055873,0.0,6.661038185571284,0.5226146385300584,0.9999999983009201,1.6990798870643207e-09
356.4182560851091,-0.3837845428016822,269213.35516663664,-0.38402197261677506,6.661550328559543e-07,0.5011588991533902,0.5224733092494301,-2.481853612063789,0.0,6.660756250867467,0.5224733092494301,0.9999999992915978,7.084022287475944e-10
342.3728537050954,-0.38386247687265684,449515.83043132664,-0.3840142089767791,4.431779636740041e-07,0.5008107201026162,0.5223497456283663,-2.4818839228530227,0.0,6.660558526618925,0.5223497456283663,0.9999999997027619,2.9723810477203237e-10
329.4635413260783,-0.3839209936551857,748454.6708389531,-0.38400963242908376,2.690397047918057e-07,0.5005457648357527,0.522238536401488,-2.481910095708714,0.0,6.6604234880165905,0.522238536401488,0.9999999998746647,1.2533529959887027e-10
317.54029804419923,-0.3839651093116134,1243642.0338449236,-0.38400725581929473,1.3272805984296078e-07,0.5003435550096107,0.5221360289110818,-2.481933079815579,0.0,6.660335367692457,0.5221360289110818,0.999999999946961,5.3039102698308307e-11
306.481502843791,-0.38399847570907064,2063462.7713482727,-0.3840063978528868,2.5848684970109035e-08,0.5001889036443696,0.522039760497209,-2.481953596855533,0.0,6.660282560588486,0.522039760497209,0.9999999999774983,2.250168069367033e-11
296.1878693994259,-0.3840237742460763,3420232.2026150357,-0.3840065837404473,-5.8039195406078666e-08,0.5000704560808851,0.5219480644882322,-2.4819721985446552,0.0,6.660256450429475,0.5219480644882322,0.9999999999904368,9.563211431331335e-12
286.57697811204594,-0.3840429911034913,5665040.841409656,-0.38400748001585305,-1.2391465592323142e-07,0.499979655369728,0.5218598057073452,-2.4819893093229113,0.0,6.66025058696295,0.5218598057073452,0.9999999999959307,4.069427835490049e-12
277.57926739529154,-0.3840576080961289,9378480.994213795,-0.3840088513051315,-1.7564997362691682e-07,0.4999100138289734,0.521774205757317,-2.4820052572630287,0.0,6.660260110910286,0.521774205757317,0.9999999999982667,1.733163974580152e-12
269.1352344320542,-0.38406873683411585,15520739.604702808,-0.38401053108328154,-2.1626953065861622e-07,0.4998565916574744,0.5216907275182905,-2.4820202967046683,0.0,6.660281344911404,0.5216907275182905,0.9999999999992615,7.385883967977793e-13
261.19344455908714,-0.384077214729235,25679927.27420024,-0.38401240153892063,-2.4814248467752123e-07,0.4998156163911345,0.5216089981390648,-2.4820346251586094,0.0,6.660311496877373,0.5216089981390648,0.999999999999685,3.1487071742061505e-13
253.70906470395855,-0.38408367472039323,42482982.73165752,-0.3840143795231833,-2.7312858249979047e-07,0.49978420090083375,0.5215287572240596,-2.4820483961348705,0.0,6.660348441656517,0.5215287572240596,0.9999999999998657,1.3426465798172383e-13
246.64274595335164,-0.3840885964752492,70275655.98258561,-0.38401640664759507,-2.926898473136757e-07,0.4997601321797376,0.5214498217045676,-2.4820617289828526,0.0,6.660390558661085,0.5214498217045676,0.9999999999999427,5.725852857075527e-14
239.95974864059758,-0.3840923442999457,116247881.43434046,-0.38401844225449205,-3.0797684141744553e-07,0.49974171198325745,0.5213720618726245,-2.48207471649129,0.0,6.660436610228576,0.5213720618726245,0.9999999999999757,2.4419117066168062e-14
233.62924311982167,-0.3840951953845556,192296435.5211846,-0.3840204583986079,-3.1989568150679496e-07,0.49972763596802583,0.5212953849474532,-2.4820874307827596,0.0,6.660485650017787,0.5212953849474532,0.9999999999999896,1.0413658381279413e-14
227.6237424085502,-0.38409736095284064,318108157.08118975,-0.3840224362487517,-3.2916032087044564e-07,0.49971690168436833,0.5212197237608928,-2.4820999278967886,0.0,6.660536953749611,0.5212197237608928,0.9999999999999954,4.4405875883607205e-15
221.91863649813084,-0.3840990021632078,526263917.58130807,-0.3840243634989681,-3.3633346625355494e-07,0.49970873833722074,0.521145028941604,-2.482112251358188,0.0,6.660589966679633,0.521145028941604,0.9999999999999981,1.893335498263315e-15
216.49180657080186,-0.38410024210391996,870688312.5719823,-0.38402623250124795,-3.418586774451678e-07,0.4997025530505068,0.5210712635018123,-2.4821244349570404,0.0,6.660644263661314,0.5210712635018123,0.9999999999999992,8.071528188312228e-16
211.323302887822,-0.3841011748677176,1440639092.4234939,-0.38402803891634657,-3.460855966739392e-07,0.4996978896895419,0.5209983990799775,-2.4821365049148705,0.0,6.660699518720551,0.5209983990799775,0.9999999999999997,3.4404851491305497e-16
206.39507396111358,-0.38410187243350924,2383869540.8367834,-0.38402978073804833,-3.492898065701417e-07,0.4996943972667127,0.520926413328568,-2.4821484815722226,0.0,6.660755481838003,0.520926413328568,0.9999999999999998,1.4662795314112326e-16
201.69073736666655,-0.3841023898957165,3944980460.716456,-0.38403145758745727,-3.516884770482398e-07,0.49969180567656846,0.5208552880956098,-2.4821603807029127,0.0,6.660811961207797,0.5208552880956098,0.9999999999999999,6.248078956010594e-17
197.19538461078383,-0.3841027694448711,6528925778.179873,-0.3840330702030345,-3.534527036429096e-07,0.49968990704648597,0.5207850081575196,-2.4821722145370284,0.0,6.660868809666142,0.5207850081575196,1.0,2.6620112018775644e-17
192.89541406565837,-0.38410304340205076,10806173296.035099,-0.3840346200727956,-3.5471724191365515e-07,0.4996885413954999,0.5207155603360029,-2.4821839925567035,0.0,6.660925914300237,0.5207155603360029,1.0,1.1339891931803793e-17
188.77838714437036,-0.38410323653487377,17886849712.334126,-0.3840361091699038,-3.555881898631061e-07,0.4996875856017553,0.5206469328823649,-2.482195722114781,0.0,6.660983188486673,0.5206469328823649,1.0,4.8299915239074636e-18
184.8329038731402,-0.3841033678269505,29609132119.656387,-0.3840375397635071,-3.5614905173262973e-07,0.499686944913031,0.5205791150487461,-2.4822074089153934,0.0,6.661040565787502,0.5205791150487461,1.0,2.0569580646287813e-18
181.04849471811826,-0.384103451830916,49016850374.38893,-0.3840389142843459,-3.564655241711855e-07,0.4996865464129252,0.5205120967897297,-2.4822190573870717,0.0,6.661097995268488,0.5205120967897297,1.0,8.75890019410269e-19
177.41552614454898,-0.3841034997037716,81150460155.83572,-0.38404023523019487,-3.565892735069651e-07,0.4996863339916535,0.5204458685554235,-2.4822306709721444,0.0,6.661155437906476,0.5204458685554235,1.0,3.72925730497274e-19
173.92511780482863,-0.3841035199995917,134357029952.68744,-0.3840415051002436,-3.5656091616212443e-07,0.49968626447477416,0.5203804211482187,-2.4822422523511065,0.0,6.661212863831868,0.5203804211482187,1.0,1.587622740045952e-19
170.5690696623431,-0.3841035192767458,222459848533.61572,-0.38404272635044284,-3.5641236962422354e-07,0.49968630464321695,0.5203157456244023,-2.4822538036163793,0.0,6.661270250211199,0.5203157456244023,1.0,6.758151803990266e-20
167.33979754512137,-0.38410350256322107,368351810534.6761,-0.38404390136402317,-3.561687062626559e-07,0.4996864289394001,0.5202518332254721,-2.482265326407085,0.0,6.661327579622272,0.5202518332254721,1.0,2.876521238281032e-20
164.2302762704632,-0.3841034737133131,609946997259.66,-0.3840450324327979,-3.558496145920292e-07,0.49968661770159084,0.5201886753360907,-2.4822768220124716,0.0,6.6613848388019266,0.5201886753360907,1.0,1.2242480515350183e-20
161.23398870529863,-0.3841034356811245,1010038227131.8359,-0.3840461217463917,-3.5547055055216747e-07,0.49968685580488703,0.520126263449319,-2.482288291453131,0.0,6.661442017690192,0.520126263449319,1.0,5.209984539001339e-21
158.34488068371894,-0.38410339073030214,1672624189815.7517,-0.3840471713868216,-3.5504364421379293e-07,0.49968713161524647,0.5200645891493384,-2.482299735542659,0.0,6.661499108690402,0.5200645891493384,1.0,2.217029168109403e-21
155.5573205719007,-0.38410334059491263,2769952552284.7427,-0.38404818332697516,-3.545784135050298e-07,0.4996874361845469,0.5200036440984943,-2.4823111549356547,0.0,6.66155610610253,0.5200036440984943,1.0,9.433588252584629e-22
152.86606323989196,-0.3841032866028478,4587312530154.063,-0.3840491594316368,-3.540823258205011e-07,0.4996877626310594,0.5199434200339443,-2.482322550163881,0.0,6.661613005683173,0.5199434200339443,1.0,4.0137966389323873e-22
150.26621705868303,-0.384103229770493,7597227969689.733,-0.3840501014605357,-3.5356123949368743e-07,0.4996881056628695,0.5198839087529075,-2.482333921666712,0.0,6.661669804320107,0.5198839087529075,1.0,1.7076895346856893e-22
147.75321506771496,-0.3841031708753552,12582348280491.18,-0.38405101107215933,-3.530197510219323e-07,0.4996884612110213,0.51982510212051,-2.482345269811209,0.0,6.661726499765105,0.51982510212051,1.0,7.265066100054044e-23
145.3227886016239,-0.38410311051178514,20839002776372.156,-0.3840518898284106,-3.524614677946645e-07,0.49968882614730425,0.5197669920705236,-2.482356594908689,0.0,6.661783090433967,0.5197669920705236,1.0,3.0906453501238363e-23
142.9709428219961,-0.3841030491337116,34514370373575.258,-0.38405273919987726,-3.51889221972936e-07,0.49968919806725154,0.5197095705913826,-2.482367897230462,0.0,6.661839575267637,0.5197095705913826,1.0,1.3147383893670366e-23
140.69393622786635,-0.384102987087451,57164959684193.47,-0.38405356057055945,-3.5130523899408144e-07,0.49968957512290935,0.5196528297542254,-2.4823791770124375,0.0,6.661895953587856,0.5196528297542254,1.0,5.592572955856266e-24
138.48825942330043,-0.38410292463682866,94681706187631.19,-0.38405435524367026,-3.507112686710634e-07,0.49968995589462395,0.5195967616738797,-2.482390434470672,0.0,6.661952225046115,0.5195967616738797,1.0,2.3788518425598536e-24
136.35061892358428,-0.3841028619825004,156822291077397.44,-0.38405512444603157,-3.5010868924298597e-07,0.49969033929192275,0.519541358549959,-2.482401669799311,0.0,6.66200838951433,0.519541358549959,1.0,1.0118305959215689e-24
134.2779202277121,-0.3841027992767339,259749339002798.3,-0.38405586933320873,-3.494985880447859e-07,0.4996907244776212,0.5194866126504077,-2.4824128831785135,0.0,6.662064447048281,0.5194866126504077,1.0,4.303621039595944e-25
132.2672532578181,-0.3841027366347566,430234751302623.75,-0.38405659099404876,-3.4888182502640703e-07,0.49969111080927675,0.5194325163180236,-2.4824240747767514,0.0,6.6621203978404875,0.5194325163180236,1.0,1.8304045169015697e-25
130.3158785024718,-0.3841026741434419,712623971374582.8,-0.3840572904551996,-3.482590821919341e-07,0.499691497794287,0.5193790619612211,-2.482435244755512,0.0,6.662176242198646,0.5193790619612211,1.0,7.784807412178789e-26
128.42121470295913,-0.3841026118679721,1180371956455278.2,-0.3840579686852179,-3.476309023978017e-07,0.4996918850553209,0.5193262420542706,-2.482446393271466,0.0,6.662231980521831,0.5193262420542706,1.0,3.3108320798348624e-26
126.58082868567597,-0.38410254985697967,1955151504532247.0,-0.38405862659797974,-3.469977203973249e-07,0.49969227230343627,0.5192740491688514,-2.482457520471442,0.0,6.662287613248656,0.5192740491688514,1.0,1.408042463861093e-26
124.79242399030207,-0.3841024881464305,3238505617705919.0,-0.384059265056686,-3.4635988598062046e-07,0.4996926593178692,0.5192224759461372,-2.48246862649946,0.0,6.662343140871986,0.5192224759461372,1.0,5.988035757825823e-27
123.05383102679929,-0.384102426762606,5364278739060416.0,-0.3840598848773543,-3.457176822263406e-07,0.4996930459303526,0.5191715150856754,-2.482479711500169,0.0,6.662398563940315,0.5191715150856754,1.0,2.5464994038263898e-27
121.36299926812512,-0.3841023657244254,8885465879341123.0,-0.3840604868315762,-3.4507134053857626e-07,0.49969343201283056,0.5191211593710191,-2.4824907756140697,0.0,6.662453883021776,0.5191211593710191,1.0,1.0829137152876045e-27
119.71798963290969,-0.38410230504521725,1.471807256995471e+16,-0.3840610716492531,-3.444210522625535e-07,0.4996938174680592,0.5190714016821956,-2.4825018189751584,0.0,6.66250909868303,0.5190714016821956,1.0,4.605065652025646e-28
118.1169629732114,-0.38410224473391164,2.437944050304057e+16,-0.38406164002292476,-3.4376697440222164e-07,0.4996942022234183,0.5190222348689114,-2.482512841739633,0.0,6.6625642116256065,0.5190222348689114,1.0,1.958255044248448e-28
116.55818571409819,-0.3841021847965219,4.0382906353795624e+16,-0.3840621926053254,-3.431092458369877e-07,0.4996945862224278,0.5189736521326661,-2.482523844000382,0.0,6.662619222252861,0.5189736521326661,1.0,8.327141320559415e-29
115.04000357023543,-0.3841021252361942,6.689181680401872e+16,-0.38406273001963676,-3.424479775279588e-07,0.49969496942534875,0.5189256464091805,-2.482534825925969,0.0,6.662674131360631,0.5189256464091805,1.0,3.540911160891411e-29
113.56085994230718,-0.3841020660547157,1.1080227242748512e+17,-0.3840632528520338,-3.4178327551954206e-07,0.4996953517999403,0.5188782111239808,-2.482545787589183,0.0,6.662728939276739,0.5188782111239808,1.0,1.5056667588263392e-29
112.11925423267685,-0.38410200725155547,1.8353831845757267e+17,-0.38406376166809464,-3.411152145327144e-07,0.499695733328287,0.518831339031593,-2.4825567292345596,0.0,6.662783647196082,0.518831339031593,1.0,6.40226815183058e-30
110.7137919656232,-0.38410194882639476,3.040217232043297e+17,-0.38406425699278535,-3.404438863507941e-07,0.49969611399049985,0.5187850239907654,-2.482567650866484,0.0,6.662838255119231,0.5187850239907654,1.0,2.7222909032830073e-30
109.34314019303288,-0.3841018907778382,5.035942177300872e+17,-0.38406473932805346,-3.3976936933707826e-07,0.4996964937734649,0.5187392596888495,-2.48257855254225,0.0,6.662892763316238,0.5187392596888495,1.0,1.1575334496773419e-30
108.00600712861628,-0.3841018331028828,8.34175599285057e+17,-0.3840652091608218,-3.3909171382833784e-07,0.49969687267457275,0.5186940390743993,-2.4825894345120845,0.0,6.6629471730256045,0.5186940390743993,1.0,4.921833894248533e-31
106.70114907428517,-0.3841017757974495,1.3817828318132695e+18,-0.38406566696015326,-3.384109506737607e-07,0.49969725069842585,0.518649354679293,-2.482600297150302,0.0,6.663001486109192,0.518649354679293,1.0,2.092697448210443e-31
105.42744750630335,-0.3841017188600634,2.2888713321974863e+18,-0.38406611314655703,-3.377271701871603e-07,0.4996976278324281,0.5186052014070343,-2.4826111402732187,0.0,6.663055701641119,0.5186052014070343,1.0,8.89780212721706e-32
104.1838231179074,-0.3841016622884546,3.7913865574203187e+18,-0.3840665481260492,-3.3704044787918403e-07,0.49969800406936393,0.518561573759335,-2.482621963801858,0.0,6.663109819220757,0.518561573759335,1.0,3.7832321601363416e-32
102.96912736036455,-0.3841016060746658,6.280400061099295e+18,-0.3840669723331705,-3.36350733303846e-07,0.4996983794403649,0.5185184620437167,-2.482632768722828,0.0,6.663163843776738,0.5185184620437167,1.0,1.6084874276098547e-32
101.78247591207307,-0.38410155022052084,1.040322303061323e+19,-0.3840673860984713,-3.3565819403974537e-07,0.4996987539112485,0.5184758642738995,-2.482643554114515,0.0,6.6632177706975995,0.5184758642738995,1.0,6.838845054623996e-33
100.62289743336473,-0.3841014947217798,1.7232250959766055e+19,-0.3840677897879689,-3.3496286303229915e-07,0.49969912748864953,0.5184337738837882,-2.4826543202069815,0.0,6.663271601131039,0.5184337738837882,1.0,2.9077341667847785e-33
99.48952388446337,-0.3841014395770618,2.85430400535193e+19,-0.38406818372750123,-3.342648377648552e-07,0.4996995001601263,0.5183921865760444,-2.48266506666315,0.0,6.663325333389669,0.5183921865760444,1.0,1.2363728046848564e-33
98.38128154544529,-0.3841013847728609,4.72804531651109e+19,-0.3840685683254192,-3.335639353968668e-07,0.49969987199589827,0.5183510890094183,-2.482675795517855,0.0,6.663378977646113,0.5183510890094183,1.0,5.256550471333019e-34
97.29730504602313,-0.3841013303036058,7.832386845188763e+19,-0.38406894390807683,-3.328601497613376e-07,0.49970024301318094,0.5183104740021408,-2.4826865072696993,0.0,6.663432536392199,0.5183104740021408,1.0,2.2345780983338494e-34
96.23689006171024,-0.3841012761700426,1.297538246103463e+20,-0.38406931073856404,-3.321536206962316e-07,0.4997006131863264,0.5182703391422442,-2.482697201172256,0.0,6.66348600589488,0.5182703391422442,1.0,9.498681970953288e-35
95.19971992083337,-0.3841012223916779,2.14914177200653e+20,-0.38406966892663985,-3.3144493559713167e-07,0.49970098236035376,0.5182306957995987,-2.4827078727311127,0.0,6.663539363681401,0.5182306957995987,1.0,4.0389156267947065e-35
94.18463352393606,-0.38410116894301544,3.559731688296953e+20,-0.38407001891818787,-3.307336203590767e-07,0.4997013506892847,0.5181915220616615,-2.482718526377033,0.0,6.66359263190503,0.5181915220616615,1.0,1.7173151705326693e-35
93.1904180647704,-0.38410111579274653,5.8978203965510425e+20,-0.38407036118026294,-3.3001904189559605e-07,0.4997017183699466,0.5181527922187987,-2.4827291677870407,0.0,6.663645838950478,0.5181527922187987,1.0,7.298347744542118e-36
92.21751815890613,-0.38410106299687885,9.76881212398137e+20,-0.38407069552199175,-3.293026693125379e-07,0.4997020849942988,0.518114544202916,-2.4827397851274737,0.0,6.663698925649113,0.518114544202916,1.0,3.103170433060055e-36
91.26458724541344,-0.38410101051423706,1.6181670040952386e+21,-0.3840710224646937,-3.285836319262736e-07,0.49970245082765175,0.518076745120174,-2.482750386051265,0.0,6.663751930265357,0.518076745120174,1.0,1.3192583726517525e-36
90.33111825745661,-0.3841009583471434,2.6804778604677573e+21,-0.384071342196687,-3.2786210364433783e-07,0.4997028158343273,0.5180393938342209,-2.482760969498924,0.0,6.663804847501565,0.5180393938342209,1.0,5.6083884648819045e-37
89.41657450900664,-0.38410090649520057,4.4401276314229345e+21,-0.38407165491855244,-3.271381934361581e-07,0.49970317999746516,0.5180024872138318,-2.482771534953104,0.0,6.663857674770858,0.5180024872138318,1.0,2.3842528746540803e-37
88.52039609482622,-0.3841008549555134,7.354795390780175e+21,-0.3840719608405681,-3.264119482059777e-07,0.4997035433178043,0.5179660203477165,-2.482782082405202,0.0,6.663910412030115,0.5179660203477165,1.0,1.0136236062807693e-37
87.64176627347626,-0.3841008037088474,1.2184436593833768e+22,-0.3840722602754801,-3.256830000238406e-07,0.4997039059121251,0.5179299768898205,-2.482792615218088,0.0,6.663963076093597,0.5179299768898205,1.0,4.3082055716054315e-38
86.77994644836885,-0.384100752738495,2.019104035208672e+22,-0.3840725535054462,-3.249510307721968e-07,0.4997042678811132,0.5178943425589438,-2.4828031362942617,0.0,6.664015681473736,0.5178943425589438,1.0,1.830256766222473e-38
85.93571992771184,-0.38410070211771524,3.3442584607915986e+22,-0.3840728402084073,-3.242180240226273e-07,0.49970462868451726,0.5178591656768189,-2.4828136298960235,0.0,6.664068149481985,0.5178591656768189,1.0,7.781865579247003e-39
85.10815477047115,-0.38410065181790365,5.537780203551343e+22,-0.38407312074420835,-3.2348338146380847e-07,0.499704988504595,0.517824423145564,-2.4828241012800145,0.0,6.664120506401507,0.517824423145564,1.0,3.310018960768592e-39
84.29712351041744,-0.3841006018577625,9.165751589928878e+22,-0.3840733951536365,-3.22747716565618e-07,0.499705347186171,0.5177901247129413,-2.482834545886161,0.0,6.664172729431911,0.5177901247129413,1.0,1.4090255710170747e-39
83.4999528845681,-0.38410055209608945,1.5184595103193995e+23,-0.38407366448807195,-3.2200746334157347e-07,0.49970570572639605,0.5177561710056618,-2.4828449927294165,0.0,6.664224963647932,0.5177561710056618,1.0,5.988545329890359e-40
82.71648826078226,-0.3841005025436337,2.5175974959120743e+23,-0.3840739288000397,-3.2126295679060037e-07,0.49970606403596296,0.5177225677406876,-2.4828554392097675,0.0,6.664277196049491,0.5177225677406876,1.0,2.541738205246432e-40
81.95012831572733,-0.38410045344019295,4.1671336698446856e+23,-0.38407418673069416,-3.2052066346489333e-07,0.4997064203591455,0.5176894743325935,-2.482865834092178,0.0,6.664329170461391,0.5176894743325935,1.0,1.081876638280506e-40
81.19523970388735,-0.3841004044473171,6.909579257027015e+23,-0.38407444050812944,-3.197716920637556e-07,0.4997067771343193,0.517656660039523,-2.482876248481567,0.0,6.664381242408219,0.517656660039523,1.0,4.5912208485800337e-41
80.45629176277824,-0.38410035587651087,1.1439833938480375e+24,-0.38407468834923014,-3.190244879344629e-07,0.49970713207593054,0.5176243310484775,-2.4828866156366374,0.0,6.664433078183485,0.5176243310484775,1.0,1.9533073440789043e-41
79.7363832234132,-0.3841003079626839,1.8864659491025475e+24,-0.38407492902429496,-3.182855474875661e-07,0.49970748342944393,0.5175926378280163,-2.4828968841790853,0.0,6.664484420895654,0.5175926378280163,1.0,8.366760958052208e-42
79.02842451961035,-0.3841002602606174,3.112662870117574e+24,-0.3840751653299871,-3.1754309645982124e-07,0.49970783443013733,0.5175612812750385,-2.4829071485691028,0.0,6.66453574284569,0.5175612812750385,1.0,3.580229412132805e-42
78.32937002726479,-0.38410021257950827,5.149170856018333e+24,-0.38407539846398914,-3.1679197101287376e-07,0.49970818647620785,0.517530135301259,-2.482917449724049,0.0,6.664587248620384,0.517530135301259,1.0,1.5253144279624046e-42
77.64054092105734,-0.3841001650220449,8.530911522349096e+24,-0.3840756278988983,-3.1603493298100296e-07,0.49970853880682053,0.5174992668541789,-2.4829277654278616,0.0,6.664638827139415,0.5174992668541789,1.0,6.481838743501355e-43
76.97810390845514,-0.384100118739102,1.3981510992282895e+25,-0.3840758472561689,-3.153037253550306e-07,0.4997088828457965,0.517469415072609,-2.4829378443833363,0.0,6.664689221916765,0.517469415072609,1.0,2.805434611495374e-43
76.31472729989771,-0.38410007184208583,2.312863171113536e+25,-0.384076067289572,-3.145467901562763e-07,0.4997092326100807,0.5174393584588055,-2.4829480971740567,0.0,6.664740485870349,0.5174393584588055,1.0,1.1952422318591934e-43
75.65820748100877,-0.3841000248792022,3.8393739721313803e+25,-0.3840762849409183,-3.1377875678427446e-07,0.4997095840386985,0.5174094532375649,-2.482958404964534,0.0,6.664792024822721,0.5174094532375649,1.0,5.062224387451403e-44
75.00990662871858,-0.3840999779565059,6.388461379726849e+25,-0.38407649966757973,-3.130025083539164e-07,0.499709936341338,0.5173797677890903,-2.4829687446528497,0.0,6.664843723264286,0.5173797677890903,1.0,2.1354326242657655e-44
74.3691442698283,-0.3840999310344307,1.0659803035401168e+26,-0.3840767117388479,-3.1221679112716826e-07,0.4997102898158152,0.517350277502348,-2.4829791250455657,0.0,6.664895625227858,0.517350277502348,1.0,8.9652926087438e-45
73.78700803210505,-0.3840998879272353,1.7104319661493317e+26,-0.38407690121160665,-3.1152795379192543e-07,0.4997106155904181,0.5173233570953893,-2.4829886975923516,0.0,6.66494348796178,0.5173233570953893,1.0,4.022087549934852e-45
73.19084751363076,-0.3840998433009288,2.79766321319114e+26,-0.38407709626183395,-3.1079075960408573e-07,0.49971095389532216,0.517295662292657,-2.4829986440336183,0.0,6.6649932201681095,0.517295662292657,1.0,1.74666806542662e-45
72.60424311842233,-0.38409979890692536,4.5759896698979196e+26,-0.384077287828774,-3.1005182596091574e-07,0.4997112915004003,0.517268288131231,-2.4830085757037943,0.0,6.665042878518985,0.517268288131231,1.0,7.585194805750201e-46
72.00967296385862,-0.384099753412292,7.596774373650601e+26,-0.384077482797992,-3.092725377495286e-07,0.4997116385753193,0.5172404184710113,-2.483018792013178,0.0,6.665093960065901,0.5172404184710113,1.0,3.2120245668731313e-46
71.40080751758678,-0.3840997062949523,1.2878525118920813e+27,-0.3840776839110765,-3.0843326065193446e-07,0.4997119992049912,0.5172117507976635,-2.483029413828111,0.0,6.665147069140564,0.5172117507976635,1.0,1.3127270593460264e-46
70.92273443948815,-0.3840996689179429,1.961633997060109e+27,-0.38407783546507485,-3.0784843591550993e-07,0.49971228613494656,0.5171891517421908,-2.4830378696779856,0.0,6.665189348389935,0.5171891517421908,1.0,6.43234398076263e-47
70.47775482621145,-0.3840996338220322,2.917071157747997e+27,-0.38407797544923433,-3.073079278885973e-07,0.4997125562404481,0.5171680467709048,-2.4830458335634176,0.0,6.665229167817095,0.5171680467709048,1.0,3.2827013042675647e-47
69.94680670599531,-0.3840995915531514,4.714532766658367e+27,-0.38407814651171185,-3.0659071442198074e-07,0.49971288243439194,0.5171427763773684,-2.483055456169804,0.0,6.6652772808490255,0.5171427763773684,1.0,1.4547479890539124e-47
69.43136359927307,-0.38409955010393293,7.566449784133031e+27,-0.38407831182945174,-3.0588877101380863e-07,0.4997132032414964,0.5171181534986875,-2.4830649251992183,0.0,6.665324625996096,0.5171181534986875,1.0,6.523674507822862e-48
68.94642468473859,-0.38409951072870396,1.1884784645923082e+28,-0.3840784658913895,-3.0523464285050763e-07,0.49971350885799914,0.5170949074512817,-2.4830739507857396,0.0,6.665369753928701,0.5170949074512817,1.0,3.0342587444835613e-48
68.49346746308589,-0.38409947361323427,1.8224926709544122e+28,-0.38407860845096414,-3.0462996024209097e-07,0.49971379770425717,0.517073124948308,-2.4830824855329006,0.0,6.665412427664505,0.517073124948308,1.0,1.4698858908966043e-48
68.11660276556708,-0.38409944248128236,2.612344963890972e+28,-0.3840787249803176,-3.041475957935733e-07,0.4997140405606091,0.5170549511502238,-2.483089664716738,0.0,6.665448323583693,0.5170549511502238,1.0,7.98364346664724e-49
67.7438625435889,-0.38409941146227333,3.744512183966522e+28,-0.3840788400643045,-3.0366437927292567e-07,0.4997142830588803,0.517036931523681,-2.48309683635764,0.0,6.6654841817882,0.517036931523681,1.0,4.336281276339716e-49
67.37607194423802,-0.38409938063044274,5.36264899147987e+28,-0.38407895343375786,-3.031817690676024e-07,0.499714524611389,0.5170191080613441,-2.4831039830547783,0.0,6.665519915273894,0.5170191080613441,1.0,2.3587275132078106e-49
67.11068474044657,-0.38409935824297325,6.966183486671398e+28,-0.38407903417006567,-3.0284407000448713e-07,0.4997147003298741,0.5170062208723012,-2.4831091838524735,0.0,6.665545919262371,0.5170062208723012,1.0,1.5137866657331176e-49
66.84737999817571,-0.38409933591390927,9.04920529165441e+28,-0.3840791141851239,-3.025059289669122e-07,0.4997148758610992,0.5169934132074278,-2.483114380707242,0.0,6.66557190353621,0.5169934132074278,1.0,9.715182384844597e-50
66.52262827773833,-0.38409930821151195,1.2530806221403459e+29,-0.38407921339360507,-3.0207492438485146e-07,0.4997150940092103,0.5169775872644287,-2.4831208415259414,0.0,6.66560420762971,0.5169775872644287,1.0,5.594823163757272e-50
66.20101665951981,-0.3840992805984264,1.735192161268942e+29,-0.3840793115091008,-3.0164324255493814e-07,0.4997153118690463,0.5169618827402257,-2.48312729627604,0.0,6.665636481380202,0.5169618827402257,1.0,3.2219650408943517e-50
65.9123041189841,-0.38409925565710384,2.3303975007311512e+29,-0.3840793991468371,-3.012565033519891e-07,0.4997155090056262,0.5169477582296212,-2.483133139166511,0.0,6.665665695832557,0.5169477582296212,1.0,1.9542437681936367e-50
65.62609888091646,-0.3840992307881428,3.1297700213165257e+29,-0.38407948591534635,-3.008692141256639e-07,0.49971570590697745,0.5169337319322147,-2.483138977106223,0.0,6.665694885531116,0.5169337319322147,1.0,1.1853207351838923e-50
65.24663207682362,-0.38409919759152955,4.645836435773882e+29,-0.3840796028002003,-3.0031881655078304e-07,0.49971596926702233,0.5169150979486933,-2.4831467886448877,0.0,6.665733943224441,0.5169150979486933,1.0,6.06732516409527e-51
64.86025563661417,-0.38409916352510326,6.979135971640078e+29,-0.3840797219924987,-2.9974492720940755e-07,0.49971624015061433,0.5168960818740381,-2.483154827119095,0.0,6.665774135595476,0.5168960818740381,1.0,3.0434402108789495e-51
64.47842833278966,-0.3840991295933192,1.0484298754255386e+30,-0.38407983958129455,-2.9917000962094633e-07,0.49971651059095823,0.5168772480044556,-2.4831628562683683,0.0,6.66581428134184,0.5168772480044556,1.0,1.526619679900173e-51
64.05613269484317,-0.3840990917523966,1.6537230866143948e+30,-0.38407997149954454,-2.984921513002217e-07,0.4997168129261187,0.5168563705589901,-2.483171836883244,0.0,6.665859184416223,0.5168563705589901,1.0,7.04982151301559e-52
63.585733411426304,-0.3840990492083539,2.7671144317951007e+30,-0.3840801220317225,-2.9766388804493086e-07,0.4997171537673397,0.5168330574770295,-2.48318196703945,0.0,6.665909835197252,0.5168330574770295,1.0,2.945458485365765e-52
63.21804171413074,-0.3840990156615536,4.1600104176036057e+30,-0.3840802345883237,-2.9708407158224024e-07,0.49971742322112256,0.516814793620339,-2.4831899798071935,0.0,6.665949899035972,0.516814793620339,1.0,1.4755551199917145e-52
62.89749156325269,-0.3840989862038048,5.958665740701334e+30,-0.38408033139862013,-2.965906067317146e-07,0.49971766033533793,0.5167988425722289,-2.4831970340515728,0.0,6.665985170257866,0.5167988425722289,1.0,8.023822917350431e-53
62.58017574276226,-0.384098956846421,8.535001807293151e+30,-0.3840804270837463,-2.9609636685677733e-07,0.49971789711085,0.5167830265361083,-2.4832040811757157,0.0,6.66602040587858,0.5167830265361083,1.0,4.363210628780269e-53
62.19811839235988,-0.38409892123606226,1.3219369697212053e+31,-0.38408054461435553,-2.954530166138525e-07,0.49971818494679177,0.5167639499664158,-2.4832126519899735,0.0,6.666063259949869,0.5167639499664158,1.0,2.0781010068077604e-53
61.82069772054481,-0.3840988857720421,2.0474714834682836e+31,-0.38408066050296147,-2.948085310038924e-07,0.4997184722842798,0.5167450698049241,-2.4832212123286164,0.0,6.666106061643083,0.5167450698049241,1.0,9.897501845073946e-54
61.61823198376949,-0.38409886662925186,2.594809230884542e+31,-0.38408072033011253,-2.9449561526044593e-07,0.4997186276671748,0.5167349276467907,-2.483225843305044,0.0,6.6661292165252215,0.5167349276467907,1.0,6.62349965634368e-54
61.41708808781245,-0.3840988475287715,3.2884633166509413e+31,-0.38408077970424936,-2.941823698364674e-07,0.49971878290481797,0.5167248421639207,-2.4832304712294753,0.0,6.666152356147379,0.5167248421639207,1.0,4.432502624682603e-54
61.06570047456152,-0.3840988139614898,4.992966232379753e+31,-0.3840808864800931,-2.935769385663086e-07,0.4997190561997069,0.5167072008616849,-2.4832386217662923,0.0,6.666193108831462,0.5167072008616849,1.0,2.183512809327262e-54
60.718310798878086,-0.3840987805239045,7.580960615670236e+31,-0.38408099185049793,-2.9297049230328713e-07,0.49971932904592364,0.5166897329583683,-2.4832467628776764,0.0,6.666233814388383,0.5166897329583683,1.0,1.0756255979025428e-54
60.52435617247911,-0.3840987617448734,9.59157304083523e+31,-0.38408104880395066,-2.9265806433783903e-07,0.4997194825459168,0.5166799688232917,-2.483251344708121,0.0,6.666256723540607,0.5166799688232917,1.0,7.218461742047536e-55
60.3316367126542,-0.3840987430064437,1.2135437315232511e+32,-0.38408110533497425,-2.9234531715846843e-07,0.49971963590436985,0.5166702588654943,-2.4832559235658827,0.0,6.666279617829415,0.5166702588654943,1.0,4.844263570699777e-55
60.015648420034346,-0.38409871211033975,1.790560873686716e+32,-0.384081200019772,-2.917920747137499e-07,0.4997198891782606,0.5166543211650493,-2.4832634883639626,0.0,6.666317441819817,0.5166543211650493,1.0,2.5050018130130023e-55
59.70295287304351,-0.3840986813238224,2.6419386948790883e+32,-0.3840812935572188,-2.9123796674794813e-07,0.4997201420673223,0.5166385294196817,-2.483271045081061,0.0,6.666355225405306,0.5166385294196817,1.0,1.2953501513881718e-55
59.516819753015916,-0.38409866289680966,3.3367508237724614e+32,-0.384081347888874,-2.909262962558153e-07,0.49972029367700177,0.5166291201308397,-2.483275577050346,0.0,6.666377885251731,0.5166291201308397,1.0,8.71896077481963e-56
59.33184362304074,-0.3840986445087749,4.214293827841057e+32,-0.3840814018255975,-2.9061431643564267e-07,0.49972044514879954,0.5166197626572719,-2.483280106124788,0.0,6.666400530623937,0.5166197626572719,1.0,5.868699343429861e-56
59.19343211288792,-0.38409863070003564,5.023592007632654e+32,-0.3840814420642976,-2.903807926737314e-07,0.4997205590185656,0.5166127565036313,-2.4832835116895646,0.0,6.666417558447821,0.5166127565036313,1.0,4.357070662644884e-56
59.05566488267303,-0.3840986169131738,5.988304928617234e+32,-0.38408148208358106,-2.9014709472494573e-07,0.49972067281056987,0.5166057793962451,-2.483286915621873,0.0,6.6664345781093655,0.5166057793962451,1.0,3.2347976410331253e-56
58.73405678046286,-0.38409858456256113,9.052942507274263e+32,-0.38408157850100316,-2.895434521325943e-07,0.49972094022381697,0.5165894781788591,-2.483294917654109,0.0,6.666474588270545,0.5165894781788591,1.0,1.605209117818717e-56
58.415932562446336,-0.3840985523315847,1.3685970599269856e+33,-0.3840816736990652,-2.889388524515296e-07,0.49972120720885815,0.5165733355111266,-2.483302910698509,0.0,6.666514553492546,0.5165733355111266,1.0,7.965533575173522e-57
58.236842108618696,-0.3840985340849812,1.7305376821411038e+33,-0.38408172556951553,-2.886234015625286e-07,0.49972135860231326,0.5165642403208567,-2.4833074448424535,0.0,6.666537224212268,0.5165642403208567,1.0,5.350991978292506e-57
58.05884640274068,-0.38409851587643196,2.188197478754425e+33,-0.38408177706718016,-2.88307644552212e-07,0.4997215098585128,0.5165551954600783,-2.4833119761060636,0.0,6.666559880530316,0.5165551954600783,1.0,3.594622857253996e-57
57.74338507996125,-0.3840984834236757,3.3284110048094896e+33,-0.3840818713119728,-2.876885669222921e-07,0.4997217798813276,0.5165391526767115,-2.483320068385179,0.0,6.666600341925897,0.5165391526767115,1.0,1.7652900880304402e-57
57.4313333341018,-0.38409845109088153,5.0627603461943966e+33,-0.3840819643630913,-2.870685187534237e-07,0.49972204946810717,0.5165232682229912,-2.483328151515402,0.0,6.666640757577012,0.5165232682229912,1.0,8.66917136272153e-58
57.258127621617604,-0.38409843304444474,6.40246858478348e+33,-0.3840820142079037,-2.8675119538526943e-07,0.4997222001807149,0.5165144453622954,-2.4833326721011377,0.0,6.666663360505692,0.5165144453622954,1.0,5.822401705238617e-58
57.085963501318126,-0.3840984150350944,8.096690485904477e+33,-0.38408206369876235,-2.864335701659091e-07,0.4997223507574713,0.5165056713466255,-2.483337189836937,0.0,6.666685949184687,0.5165056713466255,1.0,3.91044658828214e-58
56.78047773542032,-0.3840983829024702,1.232384839496707e+34,-0.38408215446770516,-2.858101131287386e-07,0.4997226198503828,0.5164900928079862,-2.483345266450067,0.0,6.666726332250336,0.5164900928079862,1.0,1.9182103741700232e-58
56.47824407604213,-0.3840983508870061,1.8757939950755247e+34,-0.38408224409962394,-2.8518569664611147e-07,0.4997228885107905,0.516474668248052,-2.4833533339911686,0.0,6.666766669955844,0.516474668248052,1.0,9.409464285800357e-59
56.31114725794523,-0.3840983330896203,2.370779322047395e+34,-0.38408229187252346,-2.8486752406912366e-07,0.499723038095528,0.5164661356937751,-2.483357827531448,0.0,6.666789137657242,0.5164661356937751,1.0,6.325839105774024e-59
56.14503627014532,-0.3840983153281623,2.9963815577162204e+34,-0.38408233931112734,-2.845490553802132e-07,0.49972318754659906,0.5164576502563991,-2.483362318268443,0.0,6.6668115913422135,0.5164576502563991,1.0,4.252761358387959e-59
55.84918796501869,-0.38409828352225717,4.5628573871414985e+34,-0.3840824267277624,-2.8392166605387365e-07,0.4997234555921697,0.5164425297876267,-2.4833703755955834,0.0,6.666851877977918,0.5164425297876267,1.0,2.084473174168904e-59
55.72942536666902,-0.3840982705838417,5.416549426457495e+34,-0.38408246074210484,-2.836893011700745e-07,0.4997235647851035,0.516436406290254,-2.4833736590044717,0.0,6.666868295022361,0.516436406290254,1.0,1.55848087716445e-59
55.61017530535352,-0.3840982576643747,6.429963733374493e+34,-0.3840824945832137,-2.834567788083708e-07,0.4997236739068409,0.5164303075742159,-2.483376940920554,0.0,6.66688470460277,0.5164303075742159,1.0,1.1652160262361894e-59
55.325443488242676,-0.3840982266684497,9.713063346785395e+34,-0.38408257819080227,-2.8284414296257475e-07,0.49972393606897647,0.5164157401879526,-2.4833848282878077,0.0,6.666924141439041,0.5164157401879526,1.0,5.789626973888818e-60
55.04361255108132,-0.38409819578084337,1.4672492778448243e+35,-0.38408266078896736,-2.822306014452226e-07,0.49972419782130295,0.516401314184345,-2.4833927070629613,0.0,6.666963535314807,0.516401314184345,1.0,2.8766935390368965e-60
54.88533497052491,-0.38409817834291576,1.8531932139008975e+35,-0.384082705574365,-2.81910797466186e-07,0.4997243458192395,0.5163932097138927,-2.483397163472402,0.0,6.666985817362011,0.5163932097138927,1.0,1.9361273376612149e-60
54.72796503253099,-0.3840981609392494,2.340655472476176e+35,-0.38408275005299114,-2.8159070502844457e-07,0.49972449368654903,0.5163851498641564,-2.4834016171434814,0.0,6.667008085717407,0.5163851498641564,1.0,1.3030884122164632e-60
54.544576349279886,-0.3840981405748568,3.0779415715681275e+35,-0.3840828019932301,-2.8121185740816816e-07,0.49972466691207273,0.5163757552628925,-2.4834068361085566,0.0,6.667034180542784,0.5163757552628925,1.0,8.190878434867918e-61
54.421097537939986,-0.384098126812345,3.7049701895960826e+35,-0.384082836739364,-2.809585560150031e-07,0.49972478410381527,0.5163694284969279,-2.483410367810449,0.0,6.667051839052244,0.5163694284969279,1.0,5.981286591270974e-61
54.29817653012191,-0.38409811307113145,4.459735084470254e+35,-0.3840828712974744,-2.8070507392768763e-07,0.4997249012136873,0.5163631294028969,-2.4834138977961278,0.0,6.667069488980643,0.5163631294028969,1.0,4.367757559586673e-61
54.02568641056536,-0.38409808246304117,6.747165937265754e+35,-0.3840829506734091,-2.8008509724597044e-07,0.49972516242884435,0.5163491625999281,-2.4834217741855267,0.0,6.667108870927634,0.5163491625999281,1.0,2.1645640288999413e-61
53.75591756490245,-0.38409805195987556,1.0207836524659487e+36,-0.3840830291040655,-2.794642244163578e-07,0.4997254232377504,0.5163353318353437,-2.483429642060245,0.0,6.667148210301227,0.5163353318353437,1.0,1.0727073826288004e-61
53.60494749830501,-0.38409803480155197,1.2892920101525254e+36,-0.3840830714071437,-2.7914204017709223e-07,0.4997255701594634,0.5163275905618782,-2.4834340759226254,0.0,6.667170379613128,0.5163275905618782,1.0,7.219669307007648e-62
53.454823036490545,-0.3840980176761733,1.6284291643028968e+36,-0.38408311342526935,-2.7881957244105475e-07,0.499725716952625,0.5163198919047903,-2.483438507091003,0.0,6.667192535455015,0.5163198919047903,1.0,4.85906828597787e-62
53.18544889848239,-0.38409798678800305,2.4841738087291665e+36,-0.3840831916817342,-2.781795881252987e-07,0.4997259821031932,0.5163060763160539,-2.483446514058672,0.0,6.667232570293362,0.5163060763160539,1.0,2.3744115611605136e-62
52.918776054492355,-0.3840979560061735,3.789614825151232e+36,-0.384083268998832,-2.77538681665762e-07,0.4997262468355421,0.5162923979631896,-2.4834545122629095,0.0,6.667272561314547,0.5162923979631896,1.0,1.1602668959341825e-62
52.772306620599615,-0.3840979390124914,4.7876542858650136e+36,-0.38408330976138044,-2.772145477007267e-07,0.4997263931970659,0.5162848849076896,-2.4834589358584145,0.0,6.667294679292074,0.5162848849076896,1.0,7.805581794621643e-63
52.62664574963229,-0.38409792205096666,6.048539068398119e+36,-0.3840833502520439,-2.7689013265455666e-07,0.499726539431121,0.5162774132536115,-2.4834633567831914,0.0,6.667316783915958,0.5162774132536115,1.0,5.251124638549309e-63
52.366567089142066,-0.3840978916116578,9.211574187455544e+36,-0.3840834253040611,-2.762508295052273e-07,0.49972680223798527,0.51626407263352,-2.48347130489067,0.0,6.667356524453352,0.51626407263352,1.0,2.573293075222086e-63
52.10904638286046,-0.3840978612751085,1.4028692751687578e+37,-0.38408349946848025,-2.7561062090268427e-07,0.4997270646343166,0.5162508639957344,-2.483479244397297,0.0,6.667396221986486,0.5162508639957344,1.0,1.2610291397312278e-63
51.98025115092472,-0.3840978460287418,1.734053550706263e+37,-0.38408353502401626,-2.753161904506838e-07,0.4997271966872141,0.516244258429443,-2.483483241456415,0.0,6.667416207282076,0.516244258429443,1.0,8.803378997196206e-64
51.85209102224961,-0.384097830808134,2.143422587311126e+37,-0.3840835703666651,-2.750215312008541e-07,0.4997273286364168,0.516237685869848,-2.4834872363432723,0.0,6.667436181716361,0.516237685869848,1.0,6.145729090672663e-64
51.599973710560526,-0.38409780072085065,3.2622297391641313e+37,-0.3840836426760612,-2.743808527665716e-07,0.4997275898169553,0.5162247577786769,-2.483495146682119,0.0,6.667475733410595,0.5162247577786769,1.0,3.0149226786567467e-64
51.350296245512844,-0.38409777073346146,4.965023035839612e+37,-0.38408371414034564,-2.737392798789756e-07,0.4997278505923086,0.5162119573854758,-2.483503048533328,0.0,6.667515242666641,0.5162119573854758,1.0,1.4790332000573685e-64
51.197663145191555,-0.384097752306989,6.431413238739113e+37,-0.38408375612446954,-2.7337541715074585e-07,0.49972801106018583,0.5162041338258618,-2.4835079128120117,0.0,6.6675395640600605,0.5162041338258618,1.0,9.536986545970415e-65
51.045934725967435,-0.3840977339179276,8.330893016180807e+37,-0.38408379780519386,-2.7301121643815336e-07,0.49972817137507075,0.5161963579671692,-2.483512773886182,0.0,6.667563869430909,0.5161963579671692,1.0,6.149559880397965e-65
50.796976859795066,-0.38409770358827117,1.2780543865233675e+38,-0.38408386899643004,-2.723506928238451e-07,0.4997284361638119,0.5161836023994089,-2.4835208059605454,0.0,6.667604029802729,0.5161836023994089,1.0,2.9764025651884584e-65
50.550435609234775,-0.38409767335954725,1.9606817139927058e+38,-0.3840839393496583,-2.716892490330393e-07,0.49972870053637575,0.5161709751857773,-2.4835288293182916,0.0,6.667644146591459,0.5161709751857773,1.0,1.4405829653496697e-65
50.41695880826701,-0.38409765691280895,2.4762146511181796e+38,-0.38408397572022707,-2.713609250790262e-07,0.4997288445697494,0.5161641410083958,-2.48353320218578,0.0,6.6676660109289045,0.5161641410083958,1.0,9.69680416164238e-66
50.28418503338975,-0.3840976404957111,3.127299496607963e+38,-0.3840840118559574,-2.7103232844745366e-07,0.49972898847992475,0.5161573444275598,-2.4835375724731694,0.0,6.667687862365848,0.5161573444275598,1.0,6.527076034800831e-66
50.13040423514297,-0.3840976214096422,4.104517060978337e+38,-0.38408405380161137,-2.706462921623259e-07,0.4997291559569428,0.5161494746395341,-2.483542659903235,0.0,6.667713299516179,0.5161494746395341,1.0,4.115960206000107e-66
49.977561164400434,-0.3840976023633912,5.387095190191659e+38,-0.3840840954333573,-2.7025988702107455e-07,0.4997293232674531,0.5161416552570339,-2.4835477438462856,0.0,6.667738719231429,0.5161416552570339,1.0,2.595513289152167e-66
49.73738103667291,-0.3840975722780192,8.286935461570756e+38,-0.3840841636055461,-2.6958943542360307e-07,0.49972958792170363,0.5161293729120293,-2.483555788912246,0.0,6.667778944561233,0.5161293729120293,1.0,1.2504400066391234e-66
49.49949836368035,-0.384097542291159,1.2747741520598827e+39,-0.3840842309819735,-2.6891806231501887e-07,0.4997298521605176,0.516117214925366,-2.483563825278298,0.0,6.667819126391489,0.516117214925366,1.0,6.02422883493618e-67
49.37158867662052,-0.38409752608871456,1.609716386098942e+39,-0.38408426548323354,-2.6858778168694096e-07,0.4997299951204166,0.516110680663591,-2.483568174794513,0.0,6.667840873972565,0.516110680663591,1.0,4.056016523374463e-67
49.24433833844415,-0.3840975099147999,2.0326634439608965e+39,-0.38408429976492303,-2.6825723164527707e-07,0.49973013795903665,0.5161041823208475,-2.48357252177103,0.0,6.66786260885515,0.5161041823208475,1.0,2.7308489599382952e-67
49.01409291659862,-0.38409748050916404,3.109733372410124e+39,-0.3840843645395346,-2.6759588618233024e-07,0.4997303979856236,0.5160924301812698,-2.483580438057732,0.0,6.66790219028866,0.5160924301812698,1.0,1.3279223219432615e-67
48.78599053266273,-0.3840974511970836,4.757522137726978e+39,-0.3840844285746169,-2.669336488719994e-07,0.49973065761134805,0.5160807955133885,-2.4835883459501438,0.0,6.667941729750719,0.5160807955133885,1.0,6.457236780682668e-68
48.66200968888969,-0.38409743518924616,6.004462040656534e+39,-0.3840844617706114,-2.6660260679137626e-07,0.4997307995766569,0.5160744753338,-2.483592671657321,0.0,6.667963358286607,0.5160744753338,1.0,4.351321417043174e-68
48.53865739791233,-0.3840974192090894,7.578223075898758e+39,-0.3840844947577673,-2.6627129828011984e-07,0.4997309414224125,0.5160681898170232,-2.483596994861132,0.0,6.667984974305658,0.5160681898170232,1.0,2.932211791606979e-68
48.31473297600045,-0.38409739006233656,1.1598554118648712e+40,-0.3840845573645586,-2.6560630655537573e-07,0.49973120046295794,0.5160567864610399,-2.4836048928932137,0.0,6.66802446446607,0.5160567864610399,1.0,1.4248336451611057e-68
48.09286513701988,-0.3840973610069379,1.7751714611456752e+40,-0.3840846192627152,-2.6494042695147566e-07,0.4997314591058126,0.5160454971895673,-2.4836127825978163,0.0,6.66806391298908,0.5160454971895673,1.0,6.923601473975599e-69
47.97247108535778,-0.38409734516633004,2.2400366497464495e+40,-0.3840846512595749,-2.646081485470517e-07,0.4997316002880039,0.5160393753359894,-2.483617090856722,0.0,6.66808545428361,0.5160393753359894,1.0,4.667001773336464e-69
47.85267830927504,-0.3840973293526589,2.826636330034831e+40,-0.3840846830571127,-2.6427560573453837e-07,0.49973174135199816,0.5160332870283499,-2.4836213966406473,0.0,6.668106983203238,0.5160332870283499,1.0,3.1458904671242623e-69
47.808942264155974,-0.3840973235661002,3.078054717238854e+40,-0.38408469461321537,-2.641546180851083e-07,0.4997317930006959,0.5160310649600649,-2.4836229734290822,0.0,6.668114867145412,0.5160310649600649,1.0,2.7226415709002575e-69
47.765286093143075,-0.38409731778313444,3.351835794893661e+40,-0.3840847061429311,-2.6403359499904596e-07,0.49973184463357256,0.5160288473601737,-2.483624549886132,0.0,6.6681227494306645,0.5160288473601737,1.0,2.3563364905826e-69
47.6587348010544,-0.38409730363933237,4.1294161261236585e+40,-0.3840847343249455,-2.6373579658244765e-07,0.49973197098402533,0.5160234366266833,-2.483628408263851,0.0,6.668142041319256,0.5160234366266833,1.0,1.654219936775278e-69
47.552657824490936,-0.3840972895169456,5.087384482785905e+40,-0.38408476235005,-2.6343778599775806e-07,0.4997320972398205,0.5160180524935808,-2.483632264659359,0.0,6.668161323296796,0.5160180524935808,1.0,1.1613121663541515e-69
47.33925155338785,-0.38409726097873276,7.762587685566223e+40,-0.38408482138591654,-2.627754433799349e-07,0.49973235266878646,0.5160072284378033,-2.483640069339482,0.0,6.668200346697414,0.5160072284378033,1.0,5.672305849769114e-70
47.1277521690006,-0.38409723252730266,1.1844547211057144e+41,-0.3840848797669613,-2.62112232661587e-07,0.4997326077112154,0.5159965118839239,-2.4836478659256818,0.0,6.668239329628409,0.5159965118839239,1.0,2.770571912892571e-70
47.01244743367678,-0.38409721694515636,1.4936896722415452e+41,-0.38408491008598067,-2.617787383448719e-07,0.49973274755620434,0.5159906742074463,-2.483652142531894,0.0,6.668260712659472,0.5159906742074463,1.0,1.8695447381844713e-70
46.89770554008505,-0.38409720138883374,1.883659017290124e+41,-0.38408494021900313,-2.6144498306270867e-07,0.4997328872852611,0.515984868429046,-2.483656416710525,0.0,6.668282083552627,0.515984868429046,1.0,1.2615429379722715e-70
46.68813312351208,-0.3840971728451441,2.8859089252160053e+41,-0.3840849979296801,-2.607710921275318e-07,0.49973314396879065,0.5159742733142733,-2.4836642713290344,0.0,6.6683213566451744,0.5159742733142733,1.0,6.119433400717633e-71
46.48042541233893,-0.3840971443877019,4.4214318964027706e+41,-0.38408505500007156,-2.6009632061491087e-07,0.49973340026205193,0.5159637844260918,-2.4836721177751264,0.0,6.668360588875633,0.5159637844260918,1.0,2.9683801528230007e-71
46.368165185508175,-0.38409712893722514,5.576897152891787e+41,-0.3840850842941569,-2.59761045537738e-07,0.4997335395726008,0.5159581206522127,-2.4836763843649377,0.0,6.6683819218246905,0.5159581206522127,1.0,2.002329732738922e-71
46.285503104665,-0.38409711752868814,6.621411512209582e+41,-0.3840851057772704,-2.5951433196216396e-07,0.4997336425109671,0.5159539525360708,-2.4836795377198895,0.0,6.668397688599451,0.5159539525360708,1.0,1.496588260064873e-71
46.2031352282531,-0.3840971061338957,7.861556164409358e+41,-0.384085127163633,-2.5926747618950485e-07,0.4997337453865116,0.515949801285754,-2.483682689759348,0.0,6.66841344879674,0.515949801285754,1.0,1.1185848515016314e-71
46.003882763223935,-0.384097078457458,1.1939130477547529e+42,-0.3840851814075671,-2.586096906676391e-07,0.49973399551157627,0.5159397676867612,-2.483690355968687,0.0,6.66845177984344,0.5159397676867612,1.0,5.50739808203782e-72
45.80634148362265,-0.384097050861525,1.8131630594948133e+42,-0.38408523506698183,-2.5795106442639945e-07,0.49973424526608223,0.5159298326120593,-2.4836980144178775,0.0,6.66849007208939,0.5159298326120593,1.0,2.711584826849646e-72
45.70295618531274,-0.3840970363560757,2.2596085710330578e+42,-0.38408526180266617,-2.576322057115478e-07,0.4997343766887328,0.515924638081757,-2.4837020457950345,0.0,6.6685102289751725,0.515924638081757,1.0,1.8668625226316231e-72
45.64838867465768,-0.38409702868245266,2.539009025954475e+42,-0.38408527585866786,-2.574641542893907e-07,0.4997344462530684,0.5159218978038231,-2.4837041800779995,0.0,6.668520900389996,0.5159218978038231,1.0,1.5319793009399506e-72
45.61300576428042,-0.38409702370018656,2.7387941246622136e+42,-0.3840852849667486,-2.573549635957778e-07,0.4997344914338644,0.5159201214753056,-2.483705566406392,0.0,6.668527832031962,0.5159201214753056,1.0,1.347316755678935e-72
45.57767766331594,-0.3840970187205242,2.954299560670778e+42,-0.3840852940568627,-2.572457453430585e-07,0.4997345366025536,0.5159183483212663,-2.483706952481269,0.0,6.668534762406347,0.5159183483212663,1.0,1.1849130923443663e-72
45.41990516866743,-0.3840969964190478,4.1494093989836045e+42,-0.3840853354927404,-2.5673603377508344e-07,0.49973473903193266,0.515910434757111,-2.483713165805865,0.0,6.668565829029324,0.515910434757111,1.0,6.660450019397051e-73
45.26322120206364,-0.3840969741695313,5.82797975208053e+42,-0.3840853765658939,-2.5622576850238383e-07,0.4997349412185441,0.5159025844209364,-2.483719374045891,0.0,6.6685968702294565,0.5159025844209364,1.0,3.743864550949862e-73
45.15908460500789,-0.3840969593253178,7.313715576113287e+42,-0.3840854033296861,-2.5589525856782184e-07,0.49973507623811386,0.5158973717533768,-2.483723521207396,0.0,6.668617606036979,0.5158973717533768,1.0,2.5473024875161717e-73
45.05542607991279,-0.38409694450407317,9.178212233856361e+42,-0.38408542993656347,-2.555645015824127e-07,0.49973521114963937,0.515892186961982,-2.4837276661058203,0.0,6.668638330529104,0.515892186961982,1.0,1.7331680770012255e-73
44.86171551386046,-0.3840969166851371,1.4069379394310504e+43,-0.38408548226702305,-2.5488142803061056e-07,0.4997354646448864,0.5158825086652266,-2.483735457119403,0.0,6.668677285597016,0.5158825086652266,1.0,8.399258197985836e-74
44.66966348921606,-0.3840968889464772,2.1567101019464512e+43,-0.38408553403051027,-2.541974816907595e-07,0.49973571775952674,0.5158729274966436,-2.483743240160719,0.0,6.668716200803593,0.5158729274966436,1.0,4.070430832265981e-74
44.566204249168045,-0.3840968739379201,2.7188984344474265e+43,-0.38408556042066305,-2.5385866819113236e-07,0.499735854857728,0.5158677721652792,-2.483747457359743,0.0,6.668737286798717,0.5158677721652792,1.0,2.7481454524896652e-74
44.49964134710976,-0.3840968642573252,3.1576529354680587e+43,-0.38408557732016463,-2.536410815657887e-07,0.49973594334077287,0.515864457646276,-2.4837501797170263,0.0,6.668750898585134,0.515864457646276,1.0,2.1323590625939843e-74
44.43327698169678,-0.3840968545864267,3.6672101822444365e+43,-0.3840855941548304,-2.5342338808164255e-07,0.49973603177739445,0.5158611548140711,-2.4837529011018957,0.0,6.668764505509478,0.5158611548140711,1.0,1.6545536748606961e-74
44.249863079072746,-0.38409682775818743,5.557939199680025e+43,-0.384085643061239,-2.5276229507092965e-07,0.49973627733148795,0.5158520360816906,-2.4837604597197953,0.0,6.668802298598977,0.5158520360816906,1.0,8.174361068767604e-75
44.067957161868925,-0.3840968010040568,8.423484260869492e+43,-0.38408569145541477,-2.5210037763317744e-07,0.49973652252838807,0.5158430064274215,-2.483768010854684,0.0,6.668840054273421,0.5158430064274215,1.0,4.0385552973031883e-75
43.96760874130611,-0.3840967861822792,1.0610771799610613e+44,-0.3840857168413831,-2.517612672831136e-07,0.49973665850479865,0.5158380314097873,-2.4837721999271887,0.0,6.668860999635945,0.5158380314097873,1.0,2.7303023477964475e-75
43.86771629501609,-0.3840967713830679,1.3366022146471117e+44,-0.384085742078351,-2.514219031312365e-07,0.49973679437159824,0.5158330834313785,-2.4837763867032097,0.0,6.66888193351605,0.5158330834313785,1.0,1.8458449867892292e-75
43.6834600218309,-0.3840967439669489,2.0517798207967497e+44,-0.3840857912030567,-2.5073022802467074e-07,0.4997370463264259,0.5158239684118878,-2.4837841536275453,0.0,6.668920768137728,0.5158239684118878,1.0,8.923865676085554e-76
43.5007451268056,-0.3840967166276552,3.1496284072354697e+44,-0.3840858398023007,-2.500376791890297e-07,0.4997372979051411,0.5158149451473266,-2.483791912671126,0.0,6.668959563355631,0.5158149451473266,1.0,4.3142971889381325e-76
43.402746483818675,-0.38409670190129475,3.969486828030048e+44,-0.3840858643939562,-2.496963491143641e-07,0.4997374335543592,0.5158101120886491,-2.483796097826693,0.0,6.668980489133466,0.5158101120886491,1.0,2.914208661252905e-76
43.30518839178331,-0.38409668719704604,5.002756992554103e+44,-0.384085888841984,-2.4935476470673307e-07,0.4997375690944681,0.5158053053521185,-2.4838002806958652,0.0,6.669001403479327,0.5158053053521185,1.0,1.968480021415461e-76
43.188223034669065,-0.38409666950932914,6.6110487262512864e+44,-0.384085918275276,-2.4893902313394053e-07,0.4997377322602521,0.5157995485396517,-2.4838053175470605,0.0,6.669026587735306,0.5157995485396517,1.0,1.2269607902665105e-76
43.071887811879535,-0.3840966518534089,8.736375715507603e+44,-0.384085947502398,-2.4852291261686263e-07,0.49973789526817836,0.515793829481401,-2.483810351090108,0.0,6.669051755450544,0.515793829481401,1.0,7.64768587919831e-77
42.8910191283751,-0.3840966242764291,1.3516108135251345e+45,-0.38408599546699906,-2.478096731211476e-07,0.4997381501416971,0.5157849514904487,-2.4838182245008604,0.0,6.6690911225043035,0.5157849514904487,1.0,3.648652744116599e-77
42.71166311057447,-0.3840965967763464,2.091086502652611e+45,-0.38408604291529813,-2.4709553034576284e-07,0.49973840463019226,0.5157761644737205,-2.483826089841786,0.0,6.669130449208929,0.5157761644737205,1.0,1.740741406734382e-77
42.617116939378256,-0.38409658221785165,2.6358343934733544e+45,-0.38408606636451814,-2.4675187081430726e-07,0.49973853948695357,0.5157715393478196,-2.4838302593388586,0.0,6.669151296694295,0.5157715393478196,1.0,1.1754996164420951e-77
42.52298841686609,-0.3840965676807335,3.322494253624485e+45,-0.38408608967802177,-2.464079572450688e-07,0.4997386742358234,0.5157669394251673,-2.483834426574436,0.0,6.669172132872181,0.5157669394251673,1.0,7.937989350348463e-78
42.43584886356617,-0.38409655418459715,4.1204294302568213e+45,-0.38408611120465047,-2.460886308708839e-07,0.4997387994158933,0.515762685341174,-2.4838382988486223,0.0,6.669191494243111,0.515762685341174,1.0,5.510416821173918e-78
42.36048791122429,-0.3840965424828155,4.967014670042609e+45,-0.3840861297706474,-2.4581190353471805e-07,0.49973890801532406,0.515759009649843,-2.4838416589750865,0.0,6.669208294875434,0.515759009649843,1.0,4.0138412437464773e-78
42.28539414832078,-0.3840965307947973,5.987539650815747e+45,-0.38408614825008736,-2.455350108243366e-07,0.4997390165447646,0.5157553501324101,-2.4838450176343043,0.0,6.6692250881715225,0.5157553501324101,1.0,2.92372011129841e-78
42.11636205425043,-0.3840965043835751,9.140681260248357e+45,-0.3840861922789421,-2.448479434133858e-07,0.49973926199872665,0.5157471243247215,-2.48385261627158,0.0,6.6692630813579,0.5157471243247215,1.0,1.4267708084761618e-78
41.94867596112061,-0.38409647804211183,1.3954321198146482e+46,-0.3840862358521775,-2.441600288846415e-07,0.4997395070953914,0.5157389802316759,-2.4838602074173304,0.0,6.669301037086655,0.5157389802316759,1.0,6.96260802643393e-79
41.85787014337692,-0.3840964637188006,1.757183084987827e+46,-0.38408625810694713,-2.438158420025813e-07,0.4997396404893557,0.5157345769190002,-2.4838643404024845,0.0,6.669321702012425,0.5157345769190002,1.0,4.709783161230767e-79
41.76745660908618,-0.3840964494159516,2.2127141290506352e+46,-0.3840862802346592,-2.434714037679183e-07,0.4997397737776961,0.5157301974925247,-2.483868471172788,0.0,6.6693423558639395,0.5157301974925247,1.0,3.185881933504001e-79
41.599837658122986,-0.3840964227893896,3.401488422351175e+46,-0.38408632375747237,-2.4276613770054666e-07,0.4997400221359456,0.515722091376029,-2.4838761709245163,0.0,6.669380854622583,0.515722091376029,1.0,1.536509943739823e-79
41.43355868865961,-0.3840963962331757,5.22892812544288e+46,-0.38408636682606556,-2.4205999744093764e-07,0.4997402701282274,0.5157140670893022,-2.483883863000887,0.0,6.669419315004435,0.5157140670893022,1.0,7.410378325130199e-80
41.344867267398946,-0.38409638200995666,6.586183761476818e+46,-0.38408638837800974,-2.4171396856328237e-07,0.4997404030687269,0.5157097941132944,-2.483887987981777,0.0,6.669439939908887,0.5157097941132944,1.0,5.0104501791267505e-80
41.25655473544146,-0.38409636780675593,8.295737697837754e+46,-0.3840864098075248,-2.4136768799535093e-07,0.4997405359042695,0.5157055443396364,-2.483892110761116,0.0,6.669460553805581,0.5157055443396364,1.0,3.3877622061943744e-80
41.17886888420001,-0.3840963552788504,1.017119341988545e+47,-0.38408642859560627,-2.4106255254452043e-07,0.4997406531395123,0.5157018100687666,-2.4838957502351446,0.0,6.669478751175724,0.5157018100687666,1.0,2.3977176290125087e-80
41.10147504710457,-0.38409634276643734,1.2470641992980496e+47,-0.384086447289534,-2.407572208051263e-07,0.49974077029311204,0.5156980937119489,-2.48389938799643,0.0,6.669496939982152,0.5156980937119489,1.0,1.69700453126007e-80
40.9404782309329,-0.3840963166358557,1.9102782185079195e+47,-0.3840864886099125,-2.4005645189937983e-07,0.49974101515675606,0.5156903753390926,-2.483906993964872,0.0,6.669534969824363,0.5156903753390926,1.0,8.233614572538057e-81
40.780737760958964,-0.3840962905723272,2.9262028117109625e+47,-0.3840865295060199,-2.39354823949131e-07,0.4997412596644022,0.5156827342314406,-2.4839145924640373,0.0,6.669572962320187,0.5156827342314406,1.0,3.99482176182068e-81
40.69496314141306,-0.3840962765205856,3.6842904349879766e+47,-0.3840865501178644,-2.390075323911372e-07,0.4997413915990707,0.5156786383916913,-2.483918694053937,0.0,6.669593470269687,0.5156786383916913,1.0,2.702859864233523e-81
40.6095485861315,-0.38409626248817935,4.6387748110614655e+47,-0.3840865706137117,-2.386599902012493e-07,0.4997415234302869,0.5156745647507218,-2.483922793472939,0.0,6.669613967364696,0.5156745647507218,1.0,1.828729464690285e-81
40.45078936666319,-0.38409623630022527,7.136529084045314e+47,-0.384086611166302,-2.3794675144724994e-07,0.4997417696678301,0.515667006494153,-2.4839304532681443,0.0,6.669652266340719,0.515667006494153,1.0,8.807923339715972e-82
40.293266621854855,-0.3840962101790773,1.0979202041028304e+48,-0.3840866513012026,-2.3723263651941722e-07,0.49974201554516373,0.5156595246525255,-2.4839381055029124,0.0,6.669690527514561,0.5156595246525255,1.0,4.2422566289618944e-82
40.209503884702464,-0.38409619623316965,1.382449775099243e+48,-0.3840866712530232,-2.3688380174396334e-07,0.499742146926371,0.5156555534437125,-2.4839421958652523,0.0,6.669710979326263,0.5156555534437125,1.0,2.869937996276425e-82
40.12608868159339,-0.3840961823061528,1.7407160898855882e+48,-0.38408669109315174,-2.3653471626273008e-07,0.499742278204927,0.5156516037616098,-2.483946284072716,0.0,6.669731420363581,0.5156516037616098,1.0,1.941546994351714e-82
39.97095660212246,-0.38409615630093896,2.6789274847462154e+48,-0.3840867304299593,-2.3581799839096417e-07,0.4997425235352475,0.5156442718161001,-2.4839539268121062,0.0,6.66976963406053,0.5156442718161001,1.0,9.345806391945264e-83
39.817019420007,-0.3840961303610662,4.122816064613602e+48,-0.38408676936375,-2.3510040310762783e-07,0.49974276850776533,0.5156370140464357,-2.4839615620388025,0.0,6.669807810194013,0.5156370140464357,1.0,4.4986791145859365e-83
39.73527165085762,-0.38409611653080467,5.190544620889328e+48,-0.3840867886621156,-2.3475034400242274e-07,0.49974289922373316,0.5156331671398916,-2.48396563764086,0.0,6.669828188204298,0.5156331671398916,1.0,3.0441119215835384e-83
39.65385886437721,-0.38409610271896955,6.534793892315185e+48,-0.3840868078530834,-2.3440003450669413e-07,0.499743029838025,0.5156293410710393,-2.483969711107478,0.0,6.669848555537392,0.5156293410710393,1.0,2.0598520882664987e-83
39.502243236589905,-0.384096076894462,1.0059978675607098e+49,-0.3840868460133154,-2.3367992271579453e-07,0.49974327424581233,0.515622229350353,-2.4839773362329893,0.0,6.669886681164949,0.515622229350353,1.0,9.91011720386859e-84
39.35178259056742,-0.3840960511338604,1.5486818664738508e+49,-0.384086883784607,-2.3295893222467388e-07,0.49974351829821906,0.5156151896182005,-2.4839849538937218,0.0,6.669924769468614,0.5156151896182005,1.0,4.767831792594967e-84
39.27197920304116,-0.38409603741657494,1.9494945546030626e+49,-0.38408690245384386,-2.3260764841655538e-07,0.4997436483549018,0.5156114631207663,-2.483989014861722,0.0,6.669945074308609,0.5156114631207663,1.0,3.226976451739792e-84
39.19249883476471,-0.3840960237172659,2.4540411232815664e+49,-0.38408692101977004,-2.322561144736994e-07,0.4997437783108518,0.5156077567940861,-2.4839930737132727,0.0,6.6699653685663645,0.5156077567940861,1.0,2.1840898121740453e-84
39.04428289199327,-0.384095998069659,3.7789876301088284e+49,-0.3840869580444306,-2.3153262292965473e-07,0.4997440217984339,0.5156008588465051,-2.484000681215459,0.0,6.670003406077299,0.5156008588465051,1.0,1.050251774865026e-84
38.89718375484245,-0.384095972484562,5.819277827845892e+49,-0.3840869946936004,-2.308082512651689e-07,0.4997442649330175,0.5155940307613437,-2.4840082812998947,0.0,6.670041406499474,0.5155940307613437,1.0,5.0502834145321514e-85
38.819256839458454,-0.38409595887756715,7.324380467849224e+49,-0.3840870127570223,-2.3045573957943776e-07,0.49974439433716533,0.515590420875419,-2.484012327785529,0.0,6.670061638927647,0.515590420875419,1.0,3.4189124314404585e-85
38.741641538540044,-0.384095945288113,9.218763975181816e+49,-0.3840870307210237,-2.3010297796695789e-07,0.4997445236414997,0.5155868305149568,-2.484016372173244,0.0,6.6700818608662225,0.5155868305149568,1.0,2.314515186122101e-85
38.59671352300853,-0.3840959198136883,1.4200096996779042e+50,-0.3840870666493146,-2.2937611950910247e-07,0.4997447662113723,0.5155801400629388,-2.4840239620484716,0.0,6.670119810242359,0.5155801400629388,1.0,1.1124208115489518e-85
38.452865784288626,-0.3840958944004155,2.1873078591685194e+50,-0.3840871022149716,-2.2864837937540847e-07,0.499745008430609,0.5155735174069784,-2.4840315445520993,0.0,6.670157722760497,0.5155735174069784,1.0,5.3465986779155134e-86
38.37684770789107,-0.3840958809183664,2.7518648131834544e+50,-0.38408711967197706,-2.282951027142372e-07,0.499745137024151,0.5155700249167837,-2.484035571546381,0.0,6.670177857731906,0.5155700249167837,1.0,3.62211242026938e-86
38.301129601145384,-0.38409586745339236,3.462137191754415e+50,-0.3840871370335132,-2.2794157692108177e-07,0.49974526551903686,0.5155665512794921,-2.484039596466139,0.0,6.670197982330695,0.5155665512794921,1.0,2.4538392005490405e-86
38.15939540033876,-0.384095842151,5.334153635878194e+50,-0.38408717189880826,-2.27211466554811e-07,0.4997455071498518,0.5155600627812181,-2.484047167958303,0.0,6.670235839791518,0.5155600627812181,1.0,1.1789062220309383e-86
38.01870631332916,-0.384095816908427,8.218390152097335e+50,-0.38408720641383776,-2.2648047301399422e-07,0.4997457484324155,0.5155536400585952,-2.484054732125618,0.0,6.670273660628091,0.5155536400585952,1.0,5.6638513358865085e-87
37.94434058978516,-0.3840958035143455,1.03412973934513e+51,-0.3840872233313914,-2.2612549910649743e-07,0.49974587655032465,0.5155502524546718,-2.484058750059208,0.0,6.67029375029604,0.5155502524546718,1.0,3.835965089790294e-87
37.87026522144448,-0.38409579013697387,1.3012576544101897e+51,-0.38408724015675993,-2.2577027554306266e-07,0.49974600457022156,0.5155468831477111,-2.484062765930632,0.0,6.670313829653163,0.5155468831477111,1.0,2.5979888728506597e-87
37.731595361816815,-0.3840957649980863,2.005494916411089e+51,-0.38408727400357623,-2.2503672131102475e-07,0.49974624531263956,0.515540589451904,-2.484070320550543,0.0,6.670351602752717,0.515540589451904,1.0,1.247487657586478e-87
37.65856170781042,-0.38409575170754257,2.521839540069743e+51,-0.38408729051215373,-2.2468185201763898e-07,0.4997463726766025,0.5155372820264116,-2.4840743187462726,0.0,6.670371593731361,0.5155372820264116,1.0,8.458518438303036e-88
37.585810236952305,-0.38409573843335637,3.171124774953892e+51,-0.3840873069312865,-2.243267343900892e-07,0.4997464999436385,0.5155339924107804,-2.484078314901964,0.0,6.670391574509819,0.5155339924107804,1.0,5.735247799781857e-88
37.44918293311494,-0.3840957134092227,4.8877801711008254e+51,-0.3840873401036881,-2.2359114081496755e-07,0.4997467400256461,0.5155278281547632,-2.484085856153834,0.0,6.670429280769172,0.5155278281547632,1.0,2.753480575943595e-88
37.313545333091575,-0.38409568844276776,7.533728889211821e+51,-0.3840873729452633,-2.2285466122910654e-07,0.49974697976327676,0.5155217264300637,-2.484093390156201,0.0,6.6704669507810035,0.5155217264300637,1.0,1.321938641619246e-88
37.24197570024592,-0.38409567521922655,9.477779773817027e+51,-0.38408738896840144,-2.2249761644767427e-07,0.4997471068248238,0.5155185141205816,-2.4840973846434893,0.0,6.670486923217448,0.5155185141205816,1.0,8.956286161909864e-89
37.212090073987405,-0.38409566968713876,1.0434000185266048e+52,-0.38408739561625593,-2.2234899642505745e-07,0.49974715999837205,0.5155171742396012,-2.484099056580414,0.0,6.670495282902076,0.5155171742396012,1.0,7.609052791493004e-89
37.182252373999546,-0.38409566415786095,1.1486694385557322e+52,-0.38408740224901494,-2.2220033264539856e-07,0.4997472131549907,0.5155158373899597,-2.4841007281610024,0.0,6.670503640805013,0.5155158373899597,1.0,6.464474200069275e-89
37.05684450799519,-0.3840956408516301,1.723381165943372e+52,-0.3840874319066716,-2.2152304297627822e-07,0.4997474373236832,0.5155102282717645,-2.484107779377391,0.0,6.6705388968869554,0.5155102282717645,1.0,3.248812866793451e-89
36.932279746744896,-0.38409561759502864,2.5856373212376384e+52,-0.3840874612866831,-2.2084497359715714e-07,0.4997476611918099,0.5155046725155712,-2.4841148242631776,0.0,6.670574121315888,0.5155046725155712,1.0,1.632735048250224e-89
36.86261851411939,-0.38409560454229774,3.2480036712649966e+52,-0.38408747674098365,-2.2048898428042768e-07,0.49974778691426014,0.5155015724204516,-2.48411878198195,0.0,6.670593909909747,0.5155015724204516,1.0,1.1089962157947537e-89
36.79321957515754,-0.38409559150508366,4.080049309385038e+52,-0.38408749211253557,-2.2013274841425995e-07,0.4997479125420732,0.5154984889388614,-2.4841227377067323,0.0,6.670613688533664,0.5154984889388614,1.0,7.5325889019736165e-90
36.662169386924546,-0.3840955667937977,6.291125597700879e+52,-0.384087523442865,-2.193910253317844e-07,0.4997481508117234,0.51549267972975,-2.4841302429671694,0.0,6.670651214835852,0.51549267972975,1.0,3.6140289199792754e-90
36.532049435197024,-0.3840955421378266,9.700436730899555e+52,-0.3840875544631948,-2.186484129764203e-07,0.499748388741458,0.5154869294833567,-2.484137741064333,0.0,6.670688705321665,0.5154869294833567,1.0,1.7339575387116074e-90
36.46351445291114,-0.38409552910300077,1.2200697748311311e+53,-0.3840875695199402,-2.1828897131748214e-07,0.4997485146047982,0.5154839079926116,-2.4841417089444264,0.0,6.6707085447221335,0.5154839079926116,1.0,1.175245237998021e-90
36.42982471098858,-0.3840955226831438,1.3660895150236534e+53,-0.3840875768725654,-2.1811278647175694e-07,0.49974857661406347,0.515482424546979,-2.4841436641704897,0.0,6.67071832085245,0.515482424546979,1.0,9.702069697156612e-91
36.39619716554029,-0.38409551626700716,1.529585109008045e+53,-0.3840875842056922,-2.1793654097608376e-07,0.4997486386002663,0.5154809450463859,-2.4841456189103805,0.0,6.670728094551904,0.5154809450463859,1.0,8.009404825825024e-91
36.27559832916687,-0.3840954931894702,2.2982144758528873e+53,-0.38408761227619626,-2.1725108990512717e-07,0.49974886165794885,0.515475649029098,-2.484152655047196,0.0,6.670763275235982,0.515475649029098,1.0,4.015310469993983e-91
36.231581556658185,-0.3840954847403088,2.668205053409213e+53,-0.384087621841128,-2.1701782928009024e-07,0.49974894336520403,0.5154737199824583,-2.484155233204838,0.0,6.670776166024187,0.5154737199824583,1.0,3.117235850960679e-91
36.18767147450163,-0.384095476297562,3.09776056955169e+53,-0.38408763137263985,-2.1678446284395864e-07,0.49974902503241037,0.5154717977065298,-2.4841578105177056,0.0,6.670789052588531,0.5154717977065298,1.0,2.4200265641753042e-91
36.06413410087515,-0.38409545246866106,4.723729299653414e+53,-0.38408766029082897,-2.1606446477526174e-07,0.4997492556486831,0.5154664007960794,-2.4841650907386046,0.0,6.6708254536930225,0.5154664007960794,1.0,1.183176404286274e-91
35.94143732072747,-0.38409542869052027,7.2031447918466524e+53,-0.3840876889312636,-2.1534362100206321e-07,0.4997494859459488,0.5154610572511975,-2.484172364230471,0.0,6.670861821152357,0.5154610572511975,1.0,5.784667362218147e-92
35.87531562850816,-0.3840954158301312,9.052922461180458e+53,-0.38408770323937697,-2.1498321670757927e-07,0.4997496105731676,0.5154581845608738,-2.484176301733401,0.0,6.670881508667005,0.5154581845608738,1.0,3.9257376135446804e-92
35.809436778530966,-0.3840954029844781,1.1377725539276032e+54,-0.3840877174713392,-2.1462256405851924e-07,0.4997497351071081,0.51545532729262,-2.4841802372681205,0.0,6.670901186340604,0.51545532729262,1.0,2.6641827350332936e-92
35.68508240968854,-0.38409537864758325,1.7556283464409914e+54,-0.3840877465977427,-2.1387227729880919e-07,0.4997499711792761,0.5154499471585475,-2.4841877003340573,0.0,6.670938501670288,0.5154499471585475,1.0,1.2766576332648597e-92
35.56158873539331,-0.38409535436317555,2.7090043573014492e+54,-0.38408777543842204,-2.1312109562644536e-07,0.49975020691675365,0.5154446216994513,-2.4841951563358955,0.0,6.670975781679478,0.5154446216994513,1.0,6.117646704129821e-93
35.49672309812557,-0.38409534156114783,3.406281571125919e+54,-0.38408778933210713,-2.1275848533454854e-07,0.49975033126019675,0.5154418315245923,-2.484199090538697,0.0,6.670995452693485,0.5154418315245923,1.0,4.148395418015331e-93
35.43209366459868,-0.3840953287735949,4.283032628572393e+54,-0.38408780315190366,-2.1239562534746113e-07,0.4997504555106653,0.515439056356891,-2.484203022778477,0.0,6.671015113892387,0.515439056356891,1.0,2.8130390708057334e-93
35.35283835402331,-0.3840953130481372,5.67844354831376e+54,-0.3840878202218667,-2.1194412158540546e-07,0.49975060837220386,0.515435659799706,-2.484207861835768,0.0,6.671039309178843,0.515435659799706,1.0,1.7436156519349153e-93
35.27393681228161,-0.3840952973444404,7.528478896993201e+54,-0.38408783718056294,-2.1149223907676685e-07,0.49975076109318106,0.515432285721033,-2.484212697924602,0.0,6.671063489623011,0.515432285721033,1.0,1.0807507640571529e-93
35.21233601288493,-0.384095285050334,9.390980733375543e+54,-0.38408785026396125,-2.1114152636884177e-07,0.4997508807045348,0.5154296565865527,-2.484216486593057,0.0,6.671082432965287,0.5154296565865527,1.0,7.428498073226336e-94
35.150949992079035,-0.38409527276948763,1.171425459480147e+55,-0.3840878632803219,-2.1079058083469635e-07,0.4997510002297654,0.515427041099557,-2.48422027344225,0.0,6.671101367211252,0.515427041099557,1.0,5.105947626544744e-94
35.08123872851038,-0.38409525878708584,1.5071133758848592e+55,-0.38408787809694456,-2.1038852699578355e-07,0.4997511363675402,0.5154240763496868,-2.4842245877245137,0.0,6.67112293862257,0.5154240763496868,1.0,3.330259547389063e-94
35.01180342002576,-0.3840952448217794,1.9389972179338342e+55,-0.38408789282725686,-2.099861705026898e-07,0.4997512723937074,0.5154211291343817,-2.484228899648589,0.0,6.6711444982429455,0.5154211291343817,1.0,2.1720991713208556e-94
34.89186321449126,-0.3840952206078629,3.0035254802145134e+55,-0.3840879205067448,-2.092207307252621e-07,0.49975150837326154,0.5154160519036497,-2.4842363828154954,0.0,6.671181914077478,0.5154160519036497,1.0,1.0340525190227374e-94
34.77274196363529,-0.3840951964449344,4.6524899459607185e+55,-0.38408794791465634,-2.0845437744424418e-07,0.49975174401743416,0.5154110267064049,-2.48424385889359,0.0,6.6712192944679485,0.5154110267064049,1.0,4.922719304801261e-95
34.73159500973557,-0.3840951880719732,5.415479170403347e+55,-0.3840879564947555,-2.0821321956656225e-07,0.4997518257104092,0.5154092949678161,-2.4842464515238163,0.0,6.671232257619082,0.5154092949678161,1.0,3.804951927950386e-95
34.690545319994946,-0.3840951797050931,6.303595470095399e+55,-0.38408796504468035,-2.079719516141263e-07,0.4997519073631267,0.5154075694080361,-2.484249043302902,0.0,6.67124521651451,0.5154075694080361,1.0,2.9409877770706407e-95
34.638070316823075,-0.38409516898945695,7.658145382288857e+55,-0.3840879759817342,-2.0766190659397915e-07,0.4997520119651879,0.5154053666190931,-2.484252364151611,0.0,6.671261820758057,0.5154053666190931,1.0,2.1140651293828648e-95
34.585753827558875,-0.3840951582837559,9.30376808857213e+55,-0.38408798686957274,-2.0735168066355324e-07,0.4997521165012344,0.5154031738987445,-2.4842556836042964,0.0,6.671278418021484,0.5154031738987445,1.0,1.519649440571278e-95
34.470840969270924,-0.3840951346894729,1.4296877962642377e+56,-0.38408801293958744,-2.0660215083754539e-07,0.49975234699666515,0.5153983696026695,-2.484263005263544,0.0,6.671315026317721,0.5153983696026695,1.0,7.33318925312921e-96
34.35668918944406,-0.3840951111431044,2.1969669938450227e+56,-0.3840880387588831,-2.0585173915684643e-07,0.4997525771715843,0.5153936136372285,-2.484270320142546,0.0,6.671351600712732,0.5153936136372285,1.0,3.5386852201297528e-96
34.29629881161364,-0.3840950986423395,2.7607967930874777e+56,-0.3840880512566099,-2.0548531397827524e-07,0.4997526994307817,0.5153911042899241,-2.484274206881039,0.0,6.6713710344051975,0.5153911042899241,1.0,2.4020163107128656e-96
34.23612036331242,-0.38409508615497856,3.4693278949741137e+56,-0.38408806368855525,-2.051186392847644e-07,0.4997528215996807,0.5153886083957846,-2.484278091708638,0.0,6.671390458543192,0.5153886083957846,1.0,1.6304588759604775e-96
34.12217520506454,-0.38409506242671754,5.358652705504604e+56,-0.3840880894198204,-2.0435411444931153e-07,0.49975305385434954,0.5153838952817809,-2.4842854797829004,0.0,6.671427398914505,0.5153838952817809,1.0,7.799724881086011e-97
34.00898599874228,-0.38409503874649187,8.276864832915814e+56,-0.38408811490174377,-2.0358868530666797e-07,0.49975328578311995,0.5153792301350548,-2.4842928609580373,0.0,6.67146430479019,0.5153792301350548,1.0,3.7311978658068755e-97
33.94977406928403,-0.3840950263151681,1.0402514444760605e+57,-0.3840881270225337,-2.0322057579356522e-07,0.49975340759507514,0.5153767963891199,-2.4842967390353006,0.0,6.671483695176503,0.5153767963891199,1.0,2.532078485799202e-97
33.89076796536417,-0.38409501389698353,1.3074069488601695e+57,-0.38408813907959605,-2.0285221611109654e-07,0.4997535293172639,0.5153743756965127,-2.4843006152113856,0.0,6.671503076056933,0.5153743756965127,1.0,1.7183274440863274e-97
33.77904501732727,-0.3840949903013003,2.019877102297123e+57,-0.3840881640849117,-2.0208435096633065e-07,0.4997537607070015,0.515369804923009,-2.4843079863305952,0.0,6.671539931652979,0.515369804923009,1.0,8.2167063480022e-98
33.75678876181495,-0.38409498558786836,2.203472856358984e+57,-0.3840881685813007,-2.0194475889822812e-07,0.49975380694561267,0.5153688963760384,-2.484309459716463,0.0,6.671547298582318,0.5153688963760384,1.0,7.089508432592814e-98
33.73456181528724,-0.384094980876317,2.4037564552846446e+57,-0.38408817306866555,-2.0180513055777246e-07,0.4997538531712715,0.515367989686577,-2.484310932827913,0.0,6.671554664139567,0.515367989686577,1.0,6.116943421340006e-98
33.63245866318791,-0.3840949591771213,3.589993374433931e+57,-0.3840881952089199,-2.0111429464943005e-07,0.49975406613556306,0.5153638331512695,-2.4843177213251293,0.0,6.671588606625646,0.5153638331512695,1.0,3.097962802557313e-98
33.53097170974046,-0.38409493751759877,5.361629755941475e+57,-0.3840882171501379,-2.004226873897283e-07,0.49975427882522006,0.5153597156500359,-2.4843245040020183,0.0,6.671622520010095,0.5153597156500359,1.0,1.5689806044445446e-98
33.47386737700845,-0.3840949252900884,6.726375958615705e+57,-0.3840882286571041,-2.0005555106095738e-07,0.4997543989456439,0.5153574049977867,-2.484328335941602,0.0,6.6716416797080145,0.5153574049977867,1.0,1.0680269161842427e-98
33.416957214660755,-0.38409491307513305,8.438503826201821e+57,-0.38408824010416576,-1.9968816802878552e-07,0.4997545189785759,0.5153551066369736,-2.4843321660264044,0.0,6.671660830132022,0.5153551066369736,1.0,7.270205843637992e-99
33.3083226597372,-0.38409488967716365,1.3037510170482821e+58,-0.3840882641078948,-1.9891632900643018e-07,0.4997547490030927,0.5153507316709225,-2.4843395084079365,0.0,6.671697542039681,0.5153507316709225,1.0,3.4762510153440363e-99
33.20039213214921,-0.3840948663249226,2.014298629782717e+58,-0.3840882878803189,-1.9814358148354138e-07,0.49975497870675323,0.5153464012366291,-2.4843468439843988,0.0,6.671734219921996,0.5153464012366291,1.0,1.662168847180653e-99
33.144141153214306,-0.3840948541122191,2.529747111874007e+58,-0.38408829908932496,-1.9777320111716085e-07,0.49975509888733427,0.5153441507669139,-2.484350683316234,0.0,6.671753416581172,0.5153441507669139,1.0,1.129389462354494e-99
33.0880804624345,-0.38409484191193066,3.177096141094817e+58,-0.3840883102397665,-1.9740257134604744e-07,0.49975521898019526,0.5153419123227968,-2.4843545207869924,0.0,6.671772603934961,0.5153419123227968,1.0,7.673830685389724e-100
32.98148223782271,-0.38409481863309064,4.910392012632101e+58,-0.38408833358045724,-1.9662708263490928e-07,0.49975544821891127,0.5153376681511224,-2.4843618485398835,0.0,6.671809242699418,0.5153376681511224,1.0,3.666990037173269e-100
32.875568651950616,-0.38409479539911884,7.589304198320017e+58,-0.38408835669655594,-1.9585068264704284e-07,0.4997556771384355,0.515333467206235,-2.4843691695177053,0.0,6.671845847588528,0.515333467206235,1.0,1.7522934832618251e-100
32.82031513734513,-0.38409478323671964,9.535190508737506e+58,-0.3840883675813531,-1.9547817684481978e-07,0.4997557970203772,0.515331282015149,-2.4843730047793864,0.0,6.671865023896935,0.515331282015149,1.0,1.1898148198065773e-100
32.7652470387527,-0.3840947710865257,1.1979999088881823e+59,-0.38408837840922716,-1.9510542041559824e-07,0.49975591681489284,0.515329108518785,-2.4843768381846716,0.0,6.671884190923358,0.515329108518785,1.0,8.0788918297967e-101
32.66065401094809,-0.3840947479298854,1.8520560673046292e+59,-0.3840884010985341,-1.943265235651444e-07,0.499756145217388,0.5153249923289664,-2.4843841496353267,0.0,6.671920748176634,0.5153249923289664,1.0,3.8588585887100876e-101
32.5567266207884,-0.38409472481725604,2.8631985369834954e+59,-0.3840884235698288,-1.935467131148307e-07,0.4997563733024899,0.5153209180777942,-2.484391454343464,0.0,6.671957271717323,0.5153209180777942,1.0,1.8431706357386465e-101
32.502559909379876,-0.3840947127299837,3.5969974367541737e+59,-0.3840884341162711,-1.9317289869205115e-07,0.499756492630663,0.5153188008663939,-2.4843952773386846,0.0,6.671976386693423,0.5153188008663939,1.0,1.2517083084123215e-101
32.44857313984507,-0.3840947006546611,4.51885899634274e+59,-0.38408844460761105,-1.9279883349897573e-07,0.49975661187207443,0.5153166949789451,-2.484399098489971,0.0,6.671995492449856,0.5153166949789451,1.0,8.50042463174314e-102
32.34594653973454,-0.3840946776216928,6.987222282716666e+59,-0.3840884666595349,-1.9201670757372007e-07,0.4997568394037719,0.5153127036114117,-2.4844063924561803,0.0,6.672031962280904,0.5153127036114117,1.0,4.058947528299097e-102
32.243967056727804,-0.3840946546318875,1.0803894078759411e+60,-0.384088488499859,-1.9123366605854132e-07,0.4997570666199449,0.5153087529182957,-2.4844136797140624,0.0,6.672068398570312,0.5153087529182957,1.0,1.9381432442051826e-102
32.19090808369132,-0.3840946426300901,1.356853129116497e+60,-0.3840884987081086,-1.908589209560788e-07,0.49975718528135005,0.5153067035780029,-2.484417486767127,0.0,6.672087433835639,0.5153067035780029,1.0,1.3169028339446212e-102
32.13802344587796,-0.38409463063997157,1.7040618757191816e+60,-0.3840885088631098,-1.9048392543731132e-07,0.49975730385680617,0.5153046651811107,-2.484421291992086,0.0,6.672106459960431,0.5153046651811107,1.0,8.947907584311565e-103
32.0373158436781,-0.3840946077300678,2.6352584189332824e+60,-0.3840885302942635,-1.8969865746507425e-07,0.49975753050402005,0.5153007951317724,-2.484428567953494,0.0,6.672142839767468,0.5153007951317724,1.0,4.271572721755867e-103
31.937237423881587,-0.3840945848624969,4.075313727212692e+60,-0.3840885515200229,-1.88912472106885e-07,0.49975775683761814,0.5152969645242277,-2.484435837241184,0.0,6.672179186205921,0.5152969645242277,1.0,2.0391714754316798e-103
31.885151990733263,-0.3840945729212304,5.1188367860483785e+60,-0.38408856142088743,-1.8853604162554509e-07,0.4997578750685161,0.5152949769716227,-2.4844396358820298,0.0,6.672198179410149,0.5152949769716227,1.0,1.3852338634832844e-103
31.833236169949558,-0.3840945609914249,6.429563859491087e+60,-0.38408857127007684,-1.881593601133986e-07,0.4997579932139402,0.515293000036134,-2.4844434327032006,0.0,6.672217163516003,0.515293000036134,1.0,9.410059118691235e-104
31.73438106478774,-0.38409453819904943,9.94505327731817e+60,-0.3840885921027691,-1.8737079725021723e-07,0.49975821901261597,0.5152892471328826,-2.4844506917393674,0.0,6.672253458696837,0.5152892471328826,1.0,4.4906442775658555e-104
31.6361380292666,-0.38409451544821177,1.5382704689235097e+61,-0.3840886127359772,-1.8658131498511565e-07,0.4997584444994576,0.5152855324859976,-2.484457944133932,0.0,6.672289720669661,0.5152855324859976,1.0,2.1430119583046915e-104
31.58504827312668,-0.38409450357759356,1.9319953680368802e+61,-0.38408862232898594,-1.862035655846617e-07,0.4997585621899159,0.5152836067098854,-2.4844617307886123,0.0,6.672308653943063,0.5152836067098854,1.0,1.4559814831097716e-104
31.534123262429315,-0.38409449171820353,2.4264953083647488e+61,-0.38408863187193065,-1.8582556502731903e-07,0.4997586797955238,0.5152816912145695,-2.4844655156353284,0.0,6.672327578176642,0.5152816912145695,1.0,9.892066140823102e-105
31.437077574957456,-0.38409446904286854,3.7538509000504135e+61,-0.38408865212124216,-1.8503379051403501e-07,0.49975890473217177,0.5152780522062751,-2.4844727572367207,0.0,6.672363786183605,0.5152780522062751,1.0,4.719327405107215e-105
31.340627367562345,-0.38409444640829254,5.807304126478717e+61,-0.3840886721767955,-1.8424109477253286e-07,0.4997591293587922,0.5152744502982108,-2.4844799922290606,0.0,6.672399961145305,0.5152744502982108,1.0,2.251504665775381e-105
31.290505372692582,-0.3840944346069642,7.293085518881506e+61,-0.38408868147129205,-1.838620247136762e-07,0.49975924651262993,0.5152725843674163,-2.484483766972195,0.0,6.672418834860978,0.5152725843674163,1.0,1.5299092336718162e-105
31.240543438631864,-0.384094422816638,9.158999572809988e+61,-0.3840886907172728,-1.834827033812258e-07,0.49975936358223105,0.5152707283917634,-2.484487539918854,0.0,6.672437699594271,0.5152707283917634,1.0,1.039581124400254e-105
31.145258556305627,-0.38409440025626007,1.4171488474878222e+62,-0.384088710399887,-1.826877231657146e-07,0.4997595876597307,0.515267199847216,-2.484494764101545,0.0,6.672473820507722,0.515267199847216,1.0,4.958289267290372e-106
31.050553151803097,-0.3840943777358837,2.1927185262174974e+62,-0.3840887298942602,-1.818918199582111e-07,0.4997598114289996,0.515263707280795,-2.484501981707216,0.0,6.672509908536082,0.515263707280795,1.0,2.3648575787079323e-106
31.001371701592042,-0.38409436600244873,2.7534921517304745e+62,-0.38408873889929385,-1.815114250119649e-07,0.49975992805074565,0.5152618993122524,-2.48450574463694,0.0,6.672528723184702,0.5152618993122524,1.0,1.6071555519627717e-106
30.952345803515165,-0.38409435427979693,3.4576799923337467e+62,-0.3840887478572993,-1.8113077868891648e-07,0.49976004458886525,0.5152601009836518,-2.4845095057814377,0.0,6.672547528907189,0.5152601009836518,1.0,1.092221553892742e-106
30.858777193280716,-0.3840943318329184,5.3507571458104295e+62,-0.38408876698858313,-1.8033262628739293e-07,0.49976026780446414,0.5152566796583569,-2.484516712379591,0.0,6.672583561897956,0.5152566796583569,1.0,5.208063191717112e-107
30.765772591869105,-0.3840943094253034,8.280292383033332e+62,-0.38408878593695456,-1.795335492510398e-07,0.4997604907136086,0.5152532932204086,-2.484523912432589,0.0,6.672619562162947,0.5152532932204086,1.0,2.4833698992345686e-107
30.717505570936982,-0.3840942977584327,1.0397081944757967e+63,-0.38408879466121215,-1.7915182623858342e-07,0.4997606068074516,0.5152515413938554,-2.484527663636433,0.0,6.672638318182163,0.5152515413938554,1.0,1.687926035451983e-107
30.669389760643835,-0.38409428610213253,1.3055011492150661e+63,-0.38408880333987183,-1.7876985174761446e-07,0.4997607228182712,0.5152497989021194,-2.484531413066075,0.0,6.672657065330379,0.5152497989021194,1.0,1.1472691656004102e-107
30.577502658494513,-0.3840942637693598,2.020443713993569e+63,-0.38408882193219185,-1.77968659792733e-07,0.4997609451492009,0.5152464819380159,-2.484538601266425,0.0,6.672693006332123,0.5152464819380159,1.0,5.469700121524655e-108
30.486164508820682,-0.38409424147512405,3.1269162040180618e+63,-0.38408884034678425,-1.771665418336404e-07,0.4997611671755129,0.5152431987949714,-2.4845457829544944,0.0,6.672728914772474,0.5152431987949714,1.0,2.6077225691079176e-108
30.438787082801923,-0.3840942298736198,3.92596706291836e+63,-0.3840888487985745,-1.7678349109760137e-07,0.4997612827446458,0.5152415013576214,-2.484549522487735,0.0,6.672747612438679,0.5152415013576214,1.0,1.7726902493091633e-108
30.39155668332211,-0.38409421828247997,4.9292070102221855e+63,-0.3840888572061429,-1.7640018880726855e-07,0.49976139823132826,0.5152398129595835,-2.4845532602576146,0.0,6.67276630128807,0.5152398129595835,1.0,1.205047701477434e-108
30.30127892666983,-0.38409419605498124,7.630313562241419e+63,-0.38408887528296665,-1.755956251044948e-07,0.49976161974936595,0.5152365961900212,-2.4845604323041517,0.0,6.672802161520759,0.5152365961900212,1.0,5.74300051593414e-109
30.211535919549256,-0.3840941738653368,1.1811572016841155e+64,-0.3840888931869391,-1.747901335347454e-07,0.4997618409644007,0.5152334122273634,-2.484567597866781,0.0,6.672837989333908,0.5152334122273634,1.0,2.736989644110538e-109
30.12887058975449,-0.38409415334236463,1.7705457010630346e+64,-0.3840889090801659,-1.7406102837807277e-07,0.49976204562878745,0.5152304915755235,-2.484574230287771,0.0,6.672871151438857,0.5152304915755235,1.0,1.3775105003474908e-109
30.046656406150635,-0.3840941328514968,2.654034541153892e+64,-0.38408892483069684,-1.7333112641729895e-07,0.4997622500341672,0.5152275985238116,-2.4845808571628463,0.0,6.672904285814231,0.5152275985238116,1.0,6.932923590910137e-110
30.0,-0.38409412118738123,3.3427267088257355e+64,-0.3840889329800309,-1.7294024501161393e-07,0.4997623664157258,0.51522596192633,-2.48458463155563,0.0,6.672923157778151,0.51522596192633,1.0,4.687849828601772e-110
